regime,horizon,seed,mase_ssrc,mase_static,mase_ridge,mase_ols,diff_ssrc_vs_static,diff_ssrc_vs_ridge,diff_ssrc_vs_ols
clean_1step,1,100,0.03135181529073781,0.011181085105204306,0.24790328312963697,0.25048877482725573,0.020170730185533503,-0.21655146783889917,-0.21913695953651793
clean_1step,1,101,0.02045822676112128,0.014306327645522577,0.24790328312963697,0.25048877482725573,0.006151899115598703,-0.2274450563685157,-0.23003054806613446
clean_1step,1,102,0.024714173735690265,0.012796838814091995,0.24790328312963697,0.25048877482725573,0.01191733492159827,-0.2231891093939467,-0.22577460109156547
clean_1step,1,103,0.014299198429718395,0.012810810522731711,0.24790328312963697,0.25048877482725573,0.0014883879069866844,-0.23360408469991858,-0.23618957639753735
clean_1step,1,104,0.01732950793041007,0.010513098503854417,0.24790328312963697,0.25048877482725573,0.006816409426555653,-0.2305737751992269,-0.23315926689684566
clean_1step,1,105,0.022781887545451913,0.012508155260752994,0.24790328312963697,0.25048877482725573,0.01027373228469892,-0.22512139558418506,-0.22770688728180383
clean_1step,1,106,0.021803228813760754,0.009959637121294006,0.24790328312963697,0.25048877482725573,0.011843591692466748,-0.2261000543158762,-0.22868554601349497
clean_1step,1,107,0.027003861104672948,0.014177448065807372,0.24790328312963697,0.25048877482725573,0.012826413038865576,-0.22089942202496402,-0.22348491372258278
clean_1step,1,108,0.02446220597178956,0.011148366546178774,0.24790328312963697,0.25048877482725573,0.013313839425610785,-0.22344107715784742,-0.22602656885546618
clean_1step,1,109,0.014605543843687929,0.013365113875969867,0.24790328312963697,0.25048877482725573,0.0012404299677180614,-0.23329773928594905,-0.2358832309835678
clean_1step,1,110,0.013736511732026838,0.010700949219383627,0.24790328312963697,0.25048877482725573,0.003035562512643211,-0.23416677139761014,-0.2367522630952289
clean_1step,1,111,0.014252963264243848,0.012366727049643814,0.24790328312963697,0.25048877482725573,0.0018862362146000334,-0.2336503198653931,-0.23623581156301188
clean_1step,1,112,0.041578637121081216,0.010888683208585308,0.24790328312963697,0.25048877482725573,0.030689953912495908,-0.20632464600855577,-0.2089101377061745
clean_1step,1,113,0.02250780642041067,0.013992296046813794,0.24790328312963697,0.25048877482725573,0.008515510373596876,-0.2253954767092263,-0.22798096840684506
clean_1step,1,114,0.03064185463180131,0.012007213415400717,0.24790328312963697,0.25048877482725573,0.018634641216400592,-0.21726142849783567,-0.21984692019545443
clean_1step,1,115,0.04841886984561321,0.011664049934350735,0.24790328312963697,0.25048877482725573,0.036754819911262476,-0.19948441328402378,-0.2020699049816425
clean_1step,1,116,0.03794544583500508,0.010677591683470156,0.24790328312963697,0.25048877482725573,0.027267854151534925,-0.20995783729463188,-0.21254332899225065
clean_1step,1,117,0.03248751384297055,0.011923523267071792,0.24790328312963697,0.25048877482725573,0.020563990575898757,-0.21541576928666642,-0.21800126098428518
clean_1step,1,118,0.01405062183440977,0.012592044269282822,0.24790328312963697,0.25048877482725573,0.0014585775651269478,-0.2338526612952272,-0.23643815299284596
clean_1step,1,119,0.021210960708792144,0.011818812086356704,0.24790328312963697,0.25048877482725573,0.00939214862243544,-0.22669232242084483,-0.2292778141184636
clean_1step,1,120,0.02233356203315131,0.010924294333933663,0.24790328312963697,0.25048877482725573,0.011409267699217646,-0.22556972109648565,-0.22815521279410442
clean_1step,1,121,0.026570610462297785,0.012026601398608562,0.24790328312963697,0.25048877482725573,0.014544009063689222,-0.2213326726673392,-0.22391816436495796
clean_1step,1,122,0.02679597024566523,0.010113805844293118,0.24790328312963697,0.25048877482725573,0.016682164401372112,-0.22110731288397173,-0.2236928045815905
clean_1step,1,123,0.027685602499559363,0.014739834763481098,0.24790328312963697,0.25048877482725573,0.012945767736078265,-0.2202176806300776,-0.22280317232769636
clean_1step,1,124,0.01895705832797093,0.012236314788653668,0.24790328312963697,0.25048877482725573,0.006720743539317262,-0.22894622480166604,-0.2315317164992848
clean_1step,1,125,0.02472759280070519,0.012295644074930676,0.24790328312963697,0.25048877482725573,0.012431948725774513,-0.22317569032893178,-0.22576118202655054
clean_1step,1,126,0.023802164065317804,0.012481352084422779,0.24790328312963697,0.25048877482725573,0.011320811980895025,-0.22410111906431918,-0.22668661076193794
clean_1step,1,127,0.013429668115870229,0.016125852262689033,0.24790328312963697,0.25048877482725573,-0.0026961841468188044,-0.23447361501376673,-0.2370591067113855
clean_1step,1,128,0.021488221989488212,0.010573279730749174,0.24790328312963697,0.25048877482725573,0.010914942258739038,-0.22641506114014875,-0.22900055283776752
clean_1step,1,129,0.026516006418563456,0.012411108019034844,0.24790328312963697,0.25048877482725573,0.014104898399528613,-0.2213872767110735,-0.2239727684086923
clean_multistep,5,100,0.2976069793620293,0.10748588065626827,1.4481040319941907,1.5265814469849595,0.19012109870576102,-1.1504970526321614,-1.2289744676229302
clean_multistep,5,101,0.2002856809292098,0.1355824720072759,1.4481040319941907,1.5265814469849595,0.06470320892193387,-1.247818351064981,-1.3262957660557497
clean_multistep,5,102,0.24437162744829688,0.13570231555716333,1.4481040319941907,1.5265814469849595,0.10866931189113355,-1.2037324045458937,-1.2822098195366625
clean_multistep,5,103,0.15891514057940442,0.12377482460678338,1.4481040319941907,1.5265814469849595,0.035140315972621045,-1.2891888914147862,-1.367666306405555
clean_multistep,5,104,0.20501963273695248,0.1101339959089665,1.4481040319941907,1.5265814469849595,0.09488563682798598,-1.2430843992572382,-1.321561814248007
clean_multistep,5,105,0.21194626753485019,0.12267172202420434,1.4481040319941907,1.5265814469849595,0.08927454551064584,-1.2361577644593404,-1.3146351794501092
clean_multistep,5,106,0.2144887692299539,0.10339256589204263,1.4481040319941907,1.5265814469849595,0.11109620333791129,-1.2336152627642367,-1.3120926777550055
clean_multistep,5,107,0.2731532511015189,0.13920808365967338,1.4481040319941907,1.5265814469849595,0.1339451674418455,-1.1749507808926718,-1.2534281958834406
clean_multistep,5,108,0.22455100567058786,0.12317440012539246,1.4481040319941907,1.5265814469849595,0.1013766055451954,-1.2235530263236027,-1.3020304413143715
clean_multistep,5,109,0.13257221546758138,0.13618461999875422,1.4481040319941907,1.5265814469849595,-0.0036124045311728414,-1.3155318165266092,-1.394009231517378
clean_multistep,5,110,0.15625151857850633,0.11218973104538404,1.4481040319941907,1.5265814469849595,0.04406178753312229,-1.2918525134156844,-1.3703299284064532
clean_multistep,5,111,0.13611790475951133,0.127299962976102,1.4481040319941907,1.5265814469849595,0.008817941783409333,-1.3119861272346793,-1.390463542225448
clean_multistep,5,112,0.3409165558087665,0.11161085213460153,1.4481040319941907,1.5265814469849595,0.22930570367416497,-1.1071874761854241,-1.185664891176193
clean_multistep,5,113,0.28974011511607545,0.12865954309741517,1.4481040319941907,1.5265814469849595,0.16108057201866027,-1.1583639168781152,-1.236841331868884
clean_multistep,5,114,0.25489907898525893,0.12105494251350517,1.4481040319941907,1.5265814469849595,0.13384413647175375,-1.1932049530089317,-1.2716823679997005
clean_multistep,5,115,0.29338771916444983,0.11617861250793143,1.4481040319941907,1.5265814469849595,0.1772091066565184,-1.1547163128297409,-1.2331937278205096
clean_multistep,5,116,0.4711128974765656,0.11220545385885652,1.4481040319941907,1.5265814469849595,0.3589074436177091,-0.9769911345176251,-1.0554685495083937
clean_multistep,5,117,0.3980908084024104,0.11232342536421422,1.4481040319941907,1.5265814469849595,0.28576738303819615,-1.0500132235917803,-1.128490638582549
clean_multistep,5,118,0.12708353242379244,0.1235442909198356,1.4481040319941907,1.5265814469849595,0.003539241503956847,-1.3210204995703982,-1.399497914561167
clean_multistep,5,119,0.19721784719967872,0.1084417024635309,1.4481040319941907,1.5265814469849595,0.08877614473614782,-1.250886184794512,-1.3293635997852808
clean_multistep,5,120,0.179428640115963,0.11597993003206997,1.4481040319941907,1.5265814469849595,0.06344871008389302,-1.2686753918782276,-1.3471528068689964
clean_multistep,5,121,0.19478840189003588,0.12888666219579853,1.4481040319941907,1.5265814469849595,0.06590173969423735,-1.2533156301041548,-1.3317930450949236
clean_multistep,5,122,0.25825474286206684,0.10936643843975771,1.4481040319941907,1.5265814469849595,0.14888830442230913,-1.1898492891321237,-1.2683267041228925
clean_multistep,5,123,0.1957947903326176,0.13187684741743527,1.4481040319941907,1.5265814469849595,0.06391794291518232,-1.252309241661573,-1.3307866566523419
clean_multistep,5,124,0.169028898901805,0.13323666026715725,1.4481040319941907,1.5265814469849595,0.035792238634647755,-1.2790751330923857,-1.3575525480831545
clean_multistep,5,125,0.24039851044095434,0.12418169500277645,1.4481040319941907,1.5265814469849595,0.11621681543817788,-1.2077055215532364,-1.2861829365440052
clean_multistep,5,126,0.19522269882021992,0.11046150662194099,1.4481040319941907,1.5265814469849595,0.08476119219827893,-1.2528813331739708,-1.3313587481647395
clean_multistep,5,127,0.116023632948877,0.14514327125151338,1.4481040319941907,1.5265814469849595,-0.029119638302636378,-1.3320803990453136,-1.4105578140360824
clean_multistep,5,128,0.2631837068174999,0.11294256677061107,1.4481040319941907,1.5265814469849595,0.15024114004688885,-1.1849203251766909,-1.2633977401674596
clean_multistep,5,129,0.26798018993622374,0.13326841151572166,1.4481040319941907,1.5265814469849595,0.13471177842050208,-1.180123842057967,-1.2586012570487357
clean_multistep,10,100,1.116727792187433,0.30887903453541043,2.4068467190342187,2.417193143479083,0.8078487576520226,-1.2901189268467856,-1.30046535129165
clean_multistep,10,101,0.5029679327820461,0.3638853387985421,2.4068467190342187,2.417193143479083,0.13908259398350398,-1.9038787862521724,-1.9142252106970368
clean_multistep,10,102,0.6856645911870469,0.3578955803334444,2.4068467190342187,2.417193143479083,0.32776901085360255,-1.7211821278471717,-1.731528552292036
clean_multistep,10,103,0.44675683001307676,0.3419789631962058,2.4068467190342187,2.417193143479083,0.10477786681687096,-1.960089889021142,-1.9704363134660063
clean_multistep,10,104,0.6660980274927952,0.33029875690107446,2.4068467190342187,2.417193143479083,0.33579927059172077,-1.7407486915414234,-1.7510951159862878
clean_multistep,10,105,0.6132715444305474,0.3230961776197738,2.4068467190342187,2.417193143479083,0.29017536681077366,-1.7935751746036712,-1.8039215990485356
clean_multistep,10,106,0.6524582505163976,0.3037422904925339,2.4068467190342187,2.417193143479083,0.34871596002386374,-1.754388468517821,-1.7647348929626854
clean_multistep,10,107,0.8105244056699125,0.36811784413671644,2.4068467190342187,2.417193143479083,0.442406561533196,-1.5963223133643063,-1.6066687378091706
clean_multistep,10,108,0.5291809643349524,0.33955492915983376,2.4068467190342187,2.417193143479083,0.18962603517511867,-1.877665754699266,-1.8880121791441304
clean_multistep,10,109,0.41191258811025244,0.3646708014412548,2.4068467190342187,2.417193143479083,0.04724178666899764,-1.994934130923966,-2.0052805553688304
clean_multistep,10,110,0.5144789991260162,0.3145729293141792,2.4068467190342187,2.417193143479083,0.19990606981183706,-1.8923677199082025,-1.9027141443530668
clean_multistep,10,111,0.30393069814761753,0.34581569247663024,2.4068467190342187,2.417193143479083,-0.041884994329012715,-2.1029160208866013,-2.1132624453314657
clean_multistep,10,112,0.6662480718592882,0.3048937869214304,2.4068467190342187,2.417193143479083,0.3613542849378579,-1.7405986471749304,-1.7509450716197947
clean_multistep,10,113,1.0063089324556638,0.36107552885145844,2.4068467190342187,2.417193143479083,0.6452334036042053,-1.4005377865785549,-1.4108842110234192
clean_multistep,10,114,0.5599037625414651,0.3421092023125515,2.4068467190342187,2.417193143479083,0.21779456022891364,-1.8469429564927535,-1.8572893809376179
clean_multistep,10,115,0.5748371838195894,0.3234330589865871,2.4068467190342187,2.417193143479083,0.2514041248330023,-1.8320095352146293,-1.8423559596594936
clean_multistep,10,116,1.5402041794032455,0.325247365418365,2.4068467190342187,2.417193143479083,1.2149568139848805,-0.8666425396309732,-0.8769889640758375
clean_multistep,10,117,1.476674101781203,0.3200102737208734,2.4068467190342187,2.417193143479083,1.1566638280603296,-0.9301726172530156,-0.9405190416978799
clean_multistep,10,118,0.3491207151956952,0.3399179186934679,2.4068467190342187,2.417193143479083,0.009202796502227328,-2.0577260038385234,-2.0680724282833878
clean_multistep,10,119,0.49441052643080974,0.2993221133159503,2.4068467190342187,2.417193143479083,0.19508841311485942,-1.9124361926034088,-1.9227826170482731
clean_multistep,10,120,0.46160170500401687,0.3188079652882877,2.4068467190342187,2.417193143479083,0.14279373971572917,-1.9452450140302018,-1.9555914384750661
clean_multistep,10,121,0.52288665675577,0.33918424667731306,2.4068467190342187,2.417193143479083,0.1837024100784569,-1.8839600622784487,-1.894306486723313
clean_multistep,10,122,0.8671615940967874,0.3135125291179014,2.4068467190342187,2.417193143479083,0.553649064978886,-1.5396851249374313,-1.5500315493822956
clean_multistep,10,123,0.5038113578032946,0.36744693017162267,2.4068467190342187,2.417193143479083,0.1363644276316719,-1.903035361230924,-1.9133817856757884
clean_multistep,10,124,0.4429666843257908,0.3590028198780322,2.4068467190342187,2.417193143479083,0.08396386444775861,-1.9638800347084278,-1.974226459153292
clean_multistep,10,125,0.6131261654638966,0.3491415407306664,2.4068467190342187,2.417193143479083,0.26398462473323026,-1.793720553570322,-1.8040669780151863
clean_multistep,10,126,0.4649622335825373,0.30583412459143755,2.4068467190342187,2.417193143479083,0.15912810899109975,-1.9418844854516815,-1.9522309098965458
clean_multistep,10,127,0.2861763891813917,0.3636671358843823,2.4068467190342187,2.417193143479083,-0.07749074670299061,-2.120670329852827,-2.131016754297691
clean_multistep,10,128,0.9405434209765229,0.31582761688494054,2.4068467190342187,2.417193143479083,0.6247158040915823,-1.4663032980576958,-1.47664972250256
clean_multistep,10,129,0.7187861492053731,0.36707984775426633,2.4068467190342187,2.417193143479083,0.35170630145110676,-1.6880605698288456,-1.69840699427371
noise_0.1,1,100,0.40911689966359926,0.4962201216408662,0.6406349633674719,0.6517459677490617,-0.08710322197726694,-0.23151806370387268,-0.24262906808546242
noise_0.1,1,101,0.4147495768560652,0.4957980539802192,0.6406349633674719,0.6517459677490617,-0.08104847712415397,-0.22588538651140672,-0.23699639089299646
noise_0.1,1,102,0.41141107544293404,0.482544721516261,0.6406349633674719,0.6517459677490617,-0.07113364607332695,-0.2292238879245379,-0.24033489230612765
noise_0.1,1,103,0.3963157288987789,0.4874047737227174,0.6406349633674719,0.6517459677490617,-0.09108904482393848,-0.24431923446869303,-0.25543023885028276
noise_0.1,1,104,0.41097934156938815,0.48853284905401007,0.6406349633674719,0.6517459677490617,-0.07755350748462192,-0.2296556217980838,-0.24076662617967354
noise_0.1,1,105,0.42989042096279373,0.4996696541023165,0.6406349633674719,0.6517459677490617,-0.06977923313952278,-0.21074454240467821,-0.22185554678626795
noise_0.1,1,106,0.42836059987354214,0.4984874667027914,0.6406349633674719,0.6517459677490617,-0.07012686682924929,-0.2122743634939298,-0.22338536787551955
noise_0.1,1,107,0.43526930878423786,0.506521290980141,0.6406349633674719,0.6517459677490617,-0.07125198219590312,-0.20536565458323408,-0.21647665896482382
noise_0.1,1,108,0.40836603417341805,0.4864906323060603,0.6406349633674719,0.6517459677490617,-0.07812459813264228,-0.2322689291940539,-0.24337993357564364
noise_0.1,1,109,0.4254849570028596,0.49438085164175277,0.6406349633674719,0.6517459677490617,-0.06889589463889317,-0.21515000636461235,-0.22626101074620208
noise_0.1,1,110,0.4385836107285893,0.4871416408229295,0.6406349633674719,0.6517459677490617,-0.04855803009434018,-0.20205135263888263,-0.21316235702047237
noise_0.1,1,111,0.42905359780427554,0.49030241690413984,0.6406349633674719,0.6517459677490617,-0.06124881909986429,-0.2115813655631964,-0.22269236994478614
noise_0.1,1,112,0.4424283140532166,0.48828893107638816,0.6406349633674719,0.6517459677490617,-0.04586061702317157,-0.19820664931425536,-0.2093176536958451
noise_0.1,1,113,0.4365940470072965,0.4945586602078904,0.6406349633674719,0.6517459677490617,-0.05796461320059393,-0.20404091636017546,-0.2151519207417652
noise_0.1,1,114,0.41863450353020637,0.48335376683555875,0.6406349633674719,0.6517459677490617,-0.06471926330535238,-0.22200045983726557,-0.2331114642188553
noise_0.1,1,115,0.43570878503542254,0.502413163126059,0.6406349633674719,0.6517459677490617,-0.06670437809063645,-0.2049261783320494,-0.21603718271363914
noise_0.1,1,116,0.414074124321875,0.4831728772856623,0.6406349633674719,0.6517459677490617,-0.06909875296378731,-0.22656083904559693,-0.23767184342718667
noise_0.1,1,117,0.4138382280657457,0.4937573065099481,0.6406349633674719,0.6517459677490617,-0.07991907844420237,-0.22679673530172623,-0.23790773968331597
noise_0.1,1,118,0.4055711240441128,0.5033327898843408,0.6406349633674719,0.6517459677490617,-0.09776166584022805,-0.23506383932335917,-0.2461748437049489
noise_0.1,1,119,0.42063387326191576,0.49489111571290495,0.6406349633674719,0.6517459677490617,-0.07425724245098919,-0.22000109010555619,-0.23111209448714592
noise_0.1,1,120,0.4255715153861015,0.4901364858463906,0.6406349633674719,0.6517459677490617,-0.06456497046028908,-0.21506344798137045,-0.2261744523629602
noise_0.1,1,121,0.4520458109018009,0.48638910140567765,0.6406349633674719,0.6517459677490617,-0.034343290503876744,-0.18858915246567104,-0.19970015684726078
noise_0.1,1,122,0.4049290268097284,0.4871050323040806,0.6406349633674719,0.6517459677490617,-0.08217600549435217,-0.23570593655774352,-0.24681694093933326
noise_0.1,1,123,0.4404094148328806,0.48564507690360714,0.6406349633674719,0.6517459677490617,-0.045235662070726546,-0.20022554853459135,-0.2113365529161811
noise_0.1,1,124,0.4169771703061954,0.48145842987488063,0.6406349633674719,0.6517459677490617,-0.06448125956868522,-0.22365779306127653,-0.23476879744286627
noise_0.1,1,125,0.41670313276485416,0.4802562948507544,0.6406349633674719,0.6517459677490617,-0.06355316208590023,-0.2239318306026178,-0.23504283498420753
noise_0.1,1,126,0.4408765988088091,0.48437531875605,0.6406349633674719,0.6517459677490617,-0.043498719947240916,-0.19975836455866286,-0.2108693689402526
noise_0.1,1,127,0.43146725935364466,0.49310538582367186,0.6406349633674719,0.6517459677490617,-0.0616381264700272,-0.20916770401382728,-0.22027870839541702
noise_0.1,1,128,0.4255592391987974,0.4913844769133103,0.6406349633674719,0.6517459677490617,-0.06582523771451287,-0.21507572416867454,-0.22618672855026428
noise_0.1,1,129,0.4298803202316785,0.4907677916417143,0.6406349633674719,0.6517459677490617,-0.06088747141003581,-0.21075464313579345,-0.2218656475173832
noise_0.5,1,100,0.7111445804591716,0.7347012724582456,0.7411574306329591,0.7372322461111431,-0.023556691999073953,-0.03001285017378752,-0.026087665651971514
noise_0.5,1,101,0.7206519274370352,0.7239710765707544,0.7411574306329591,0.7372322461111431,-0.0033191491337192236,-0.020505503195923924,-0.01658031867410792
noise_0.5,1,102,0.6854429467185317,0.7320732149073308,0.7411574306329591,0.7372322461111431,-0.04663026818879912,-0.05571448391442746,-0.051789299392611454
noise_0.5,1,103,0.6776231741702403,0.714148214274138,0.7411574306329591,0.7372322461111431,-0.03652504010389768,-0.06353425646271882,-0.059609071940902814
noise_0.5,1,104,0.707300922771091,0.7267523551485289,0.7411574306329591,0.7372322461111431,-0.01945143237743785,-0.03385650786186811,-0.029931323340052107
noise_0.5,1,105,0.7085737780104789,0.7299375833396583,0.7411574306329591,0.7372322461111431,-0.021363805329179364,-0.0325836526224802,-0.02865846810066419
noise_0.5,1,106,0.6765952039592941,0.726003623121104,0.7411574306329591,0.7372322461111431,-0.049408419161809936,-0.06456222667366507,-0.06063704215184906
noise_0.5,1,107,0.7179258545813297,0.7289192736269098,0.7411574306329591,0.7372322461111431,-0.010993419045580044,-0.0232315760516294,-0.019306391529813394
noise_0.5,1,108,0.7325128249180669,0.7302931551664699,0.7411574306329591,0.7372322461111431,0.002219669751597042,-0.008644605714892228,-0.004719421193076223
noise_0.5,1,109,0.7283676222057633,0.727222529903826,0.7411574306329591,0.7372322461111431,0.0011450923019373782,-0.012789808427195792,-0.008864623905379787
noise_0.5,1,110,0.7071103513340593,0.7098975500630911,0.7411574306329591,0.7372322461111431,-0.00278719872903177,-0.03404707929889983,-0.030121894777083824
noise_0.5,1,111,0.7049277909830155,0.7129553337440475,0.7411574306329591,0.7372322461111431,-0.008027542761032014,-0.036229639649943635,-0.03230445512812763
noise_0.5,1,112,0.6871680073505818,0.7025960317537817,0.7411574306329591,0.7372322461111431,-0.015428024403199903,-0.053989423282377325,-0.05006423876056132
noise_0.5,1,113,0.7224480924079438,0.6998915248336783,0.7411574306329591,0.7372322461111431,0.022556567574265496,-0.018709338225015304,-0.014784153703199299
noise_0.5,1,114,0.7256703858987662,0.7008489441302789,0.7411574306329591,0.7372322461111431,0.02482144176848733,-0.015487044734192934,-0.011561860212376929
noise_0.5,1,115,0.6931763732244052,0.7366127817060739,0.7411574306329591,0.7372322461111431,-0.04343640848166874,-0.04798105740855396,-0.04405587288673796
noise_0.5,1,116,0.7154620797378229,0.7265268673064674,0.7411574306329591,0.7372322461111431,-0.011064787568644485,-0.025695350895136193,-0.021770166373320188
noise_0.5,1,117,0.7447774575071684,0.729623218613423,0.7411574306329591,0.7372322461111431,0.015154238893745342,0.003620026874209259,0.007545211396025264
noise_0.5,1,118,0.7170581550425063,0.7307960012947805,0.7411574306329591,0.7372322461111431,-0.013737846252274255,-0.024099275590452884,-0.02017409106863688
noise_0.5,1,119,0.7168677382973718,0.7345637213842094,0.7411574306329591,0.7372322461111431,-0.01769598308683762,-0.02428969233558731,-0.020364507813771304
noise_0.5,1,120,0.719832714439134,0.6933122462188485,0.7411574306329591,0.7372322461111431,0.02652046822028553,-0.021324716193825144,-0.01739953167200914
noise_0.5,1,121,0.741253744004189,0.7193286709868607,0.7411574306329591,0.7372322461111431,0.021925073017328267,9.631337122983918e-05,0.0040214978930458445
noise_0.5,1,122,0.6812450938825615,0.7229615170792223,0.7411574306329591,0.7372322461111431,-0.0417164231966608,-0.05991233675039764,-0.05598715222858164
noise_0.5,1,123,0.6928061831614386,0.7081417888148444,0.7411574306329591,0.7372322461111431,-0.015335605653405748,-0.04835124747152053,-0.044426062949704526
noise_0.5,1,124,0.7089451431272675,0.7181282860223736,0.7411574306329591,0.7372322461111431,-0.009183142895106022,-0.032212287505691606,-0.0282871029838756
noise_0.5,1,125,0.6483516639486394,0.7347161890055308,0.7411574306329591,0.7372322461111431,-0.0863645250568914,-0.09280576668431972,-0.08888058216250372
noise_0.5,1,126,0.671562347073466,0.7136250690091198,0.7411574306329591,0.7372322461111431,-0.04206272193565386,-0.06959508355949318,-0.06566989903767717
noise_0.5,1,127,0.7504735866001014,0.742540147021037,0.7411574306329591,0.7372322461111431,0.00793343957906445,0.009316155967142303,0.013241340488958309
noise_0.5,1,128,0.6940333160365898,0.7331130516011385,0.7411574306329591,0.7372322461111431,-0.03907973556454869,-0.04712411459636934,-0.04319893007455333
noise_0.5,1,129,0.7110255720796484,0.7064302175607805,0.7411574306329591,0.7372322461111431,0.0045953545188679445,-0.030131858553310686,-0.02620667403149468
shock_15sigma,1,100,0.27298161328765247,0.005792470300140841,0.36077267784413836,0.3607084074461265,0.2671891429875116,-0.08779106455648589,-0.08772679415847401
shock_15sigma,1,101,0.4787543735790747,0.41103412671393685,0.36077267784413836,0.3607084074461265,0.06772024686513783,0.11798169573493633,0.11804596613294821
shock_15sigma,1,102,0.044456320220470115,0.0018201698326717616,0.36077267784413836,0.3607084074461265,0.042636150387798354,-0.3163163576236682,-0.31625208722565634
shock_15sigma,1,103,0.024757505772916053,0.07630778579443437,0.36077267784413836,0.3607084074461265,-0.05155028002151832,-0.3360151720712223,-0.3359509016732104
shock_15sigma,1,104,0.060081507800934644,0.459940352098666,0.36077267784413836,0.3607084074461265,-0.3998588442977314,-0.3006911700432037,-0.30062689964519185
shock_15sigma,1,105,0.039615709529922,0.09341251283719322,0.36077267784413836,0.3607084074461265,-0.05379680330727122,-0.32115696831421636,-0.3210926979162045
shock_15sigma,1,106,0.006324052495711767,0.1368258516435046,0.36077267784413836,0.3607084074461265,-0.13050179914779284,-0.3544486253484266,-0.3543843549504147
shock_15sigma,1,107,0.1763266316922296,0.05792596985298663,0.36077267784413836,0.3607084074461265,0.11840066183924297,-0.18444604615190877,-0.1843817757538969
shock_15sigma,1,108,0.3680182119839014,0.14511371175193932,0.36077267784413836,0.3607084074461265,0.22290450023196207,0.007245534139763032,0.007309804537774911
shock_15sigma,1,109,0.16869801465367107,0.13605272898358906,0.36077267784413836,0.3607084074461265,0.032645285670082014,-0.1920746631904673,-0.1920103927924554
shock_15sigma,1,110,0.18834276568581446,0.051839612034507036,0.36077267784413836,0.3607084074461265,0.1365031536513074,-0.1724299121583239,-0.17236564176031202
shock_15sigma,1,111,0.07334661858752028,0.3221346790907647,0.36077267784413836,0.3607084074461265,-0.24878806050324442,-0.28742605925661807,-0.2873617888586062
shock_15sigma,1,112,0.29291142286987193,0.011880983768506883,0.36077267784413836,0.3607084074461265,0.28103043910136505,-0.06786125497426643,-0.06779698457625455
shock_15sigma,1,113,0.06249026835834711,0.05590147629859745,0.36077267784413836,0.3607084074461265,0.00658879205974966,-0.29828240948579127,-0.2982181390877794
shock_15sigma,1,114,0.07132381932385222,0.37061199686930324,0.36077267784413836,0.3607084074461265,-0.299288177545451,-0.2894488585202861,-0.28938458812227424
shock_15sigma,1,115,0.03237877771353249,0.02477138427331336,0.36077267784413836,0.3607084074461265,0.007607393440219129,-0.3283939001306059,-0.328329629732594
shock_15sigma,1,116,0.09586913208727424,0.44961300129835113,0.36077267784413836,0.3607084074461265,-0.3537438692110769,-0.26490354575686414,-0.2648392753588522
shock_15sigma,1,117,0.034106716387975154,0.06650045532325272,0.36077267784413836,0.3607084074461265,-0.03239373893527756,-0.3266659614561632,-0.32660169105815134
shock_15sigma,1,118,0.29392432182611405,0.02926021254885405,0.36077267784413836,0.3607084074461265,0.26466410927726003,-0.0668483560180243,-0.06678408562001242
shock_15sigma,1,119,0.15862112068389328,0.28284963030169763,0.36077267784413836,0.3607084074461265,-0.12422850961780435,-0.20215155716024508,-0.2020872867622332
shock_15sigma,1,120,0.07304657504668365,0.10543113982034641,0.36077267784413836,0.3607084074461265,-0.03238456477366276,-0.2877261027974547,-0.2876618323994428
shock_15sigma,1,121,0.12768620355222576,0.014241198952652195,0.36077267784413836,0.3607084074461265,0.11344500459957357,-0.2330864742919126,-0.23302220389390071
shock_15sigma,1,122,0.03575256856048543,0.39778253242942974,0.36077267784413836,0.3607084074461265,-0.3620299638689443,-0.32502010928365294,-0.32495583888564106
shock_15sigma,1,123,0.2813152457878049,0.2673142866377081,0.36077267784413836,0.3607084074461265,0.014000959150096803,-0.07945743205633343,-0.07939316165832155
shock_15sigma,1,124,0.20837100665222863,0.05222437796140903,0.36077267784413836,0.3607084074461265,0.1561466286908196,-0.15240167119190973,-0.15233740079389785
shock_15sigma,1,125,0.005658520070473044,0.3009964273187572,0.36077267784413836,0.3607084074461265,-0.2953379072482841,-0.3551141577736653,-0.35504988737565346
shock_15sigma,1,126,0.04158211519448158,0.3792410721795452,0.36077267784413836,0.3607084074461265,-0.33765895698506365,-0.3191905626496568,-0.3191262922516449
shock_15sigma,1,127,0.0699410538051907,0.364249585733661,0.36077267784413836,0.3607084074461265,-0.2943085319284703,-0.2908316240389477,-0.29076735364093576
shock_15sigma,1,128,0.14179125467928363,0.38487605331900837,0.36077267784413836,0.3607084074461265,-0.24308479863972474,-0.21898142316485472,-0.21891715276684284
shock_15sigma,1,129,0.10135518915884421,0.0344474982251604,0.36077267784413836,0.3607084074461265,0.06690769093368382,-0.25941748868529413,-0.25935321828728225
shock_50sigma,1,100,0.6226334134131287,0.7269510289154044,0.11777828706268456,0.10629044939863785,-0.1043176155022757,0.5048551263504442,0.5163429640144909
shock_50sigma,1,101,0.9229978123119033,0.7573361354721911,0.11777828706268456,0.10629044939863785,0.1656616768397121,0.8052195252492187,0.8167073629132654
shock_50sigma,1,102,0.06103122289789756,0.6277852291771224,0.11777828706268456,0.10629044939863785,-0.5667540062792249,-0.056747064164787,-0.045259226500740296
shock_50sigma,1,103,0.10612784736200893,0.7237308264363461,0.11777828706268456,0.10629044939863785,-0.6176029790743371,-0.011650439700675627,-0.00016260203662891992
shock_50sigma,1,104,0.8227664380351705,0.8000587835704468,0.11777828706268456,0.10629044939863785,0.02270765446472367,0.7049881509724859,0.7164759886365326
shock_50sigma,1,105,0.8600831350655274,0.7918194341597232,0.11777828706268456,0.10629044939863785,0.06826370090580414,0.7423048480028428,0.7537926856668895
shock_50sigma,1,106,0.7438998517493768,0.7238137484022372,0.11777828706268456,0.10629044939863785,0.02008610334713956,0.6261215646866922,0.6376094023507389
shock_50sigma,1,107,1.1482069550055138,0.8802077471161961,0.11777828706268456,0.10629044939863785,0.26799920788931775,1.0304286679428292,1.041916505606876
shock_50sigma,1,108,0.8636572103410509,0.7661069261465766,0.11777828706268456,0.10629044939863785,0.09755028419447431,0.7458789232783664,0.7573667609424131
shock_50sigma,1,109,0.7609461183525329,0.5598932470977248,0.11777828706268456,0.10629044939863785,0.20105287125480809,0.6431678312898483,0.654655668953895
shock_50sigma,1,110,0.7137572023242558,0.8014642907023469,0.11777828706268456,0.10629044939863785,-0.08770708837809116,0.5959789152615712,0.6074667529256179
shock_50sigma,1,111,0.6482055855834384,0.569431539255338,0.11777828706268456,0.10629044939863785,0.07877404632810048,0.5304272985207539,0.5419151361848006
shock_50sigma,1,112,0.5897409962448646,0.5810095635828405,0.11777828706268456,0.10629044939863785,0.008731432662024141,0.4719627091821801,0.4834505468462268
shock_50sigma,1,113,0.8196396817173993,0.2737720592050868,0.11777828706268456,0.10629044939863785,0.5458676225123125,0.7018613946547148,0.7133492323187615
shock_50sigma,1,114,0.6543615165672163,0.6787875501634612,0.11777828706268456,0.10629044939863785,-0.024426033596244845,0.5365832295045317,0.5480710671685785
shock_50sigma,1,115,0.8232185238320872,0.6465327455517117,0.11777828706268456,0.10629044939863785,0.17668577828037546,0.7054402367694026,0.7169280744334493
shock_50sigma,1,116,0.800515372650354,0.8159087550141406,0.11777828706268456,0.10629044939863785,-0.015393382363786623,0.6827370855876694,0.6942249232517161
shock_50sigma,1,117,0.7646821467266004,0.78211051817101,0.11777828706268456,0.10629044939863785,-0.017428371444409563,0.6469038596639158,0.6583916973279625
shock_50sigma,1,118,0.5967437437867686,0.5934509660211438,0.11777828706268456,0.10629044939863785,0.003292777765624866,0.4789654567240841,0.4904532943881308
shock_50sigma,1,119,0.6320506457132784,0.5734395127597471,0.11777828706268456,0.10629044939863785,0.058611132953531264,0.5142723586505938,0.5257601963146405
shock_50sigma,1,120,0.9554726468992308,0.6940232552269519,0.11777828706268456,0.10629044939863785,0.261449391672279,0.8376943598365463,0.849182197500593
shock_50sigma,1,121,0.711328393912968,0.6781753384154141,0.11777828706268456,0.10629044939863785,0.033153055497553874,0.5935501068502834,0.6050379445143301
shock_50sigma,1,122,0.03894645596922338,0.8465771833434564,0.11777828706268456,0.10629044939863785,-0.807630727374233,-0.07883183109346117,-0.06734399342941447
shock_50sigma,1,123,0.6967483440194722,0.5309865833152901,0.11777828706268456,0.10629044939863785,0.16576176070418203,0.5789700569567876,0.5904578946208343
shock_50sigma,1,124,0.5794956751798633,0.684608691701969,0.11777828706268456,0.10629044939863785,-0.1051130165221057,0.4617173881171788,0.4732052257812255
shock_50sigma,1,125,0.7291181246189259,0.6242106499402766,0.11777828706268456,0.10629044939863785,0.10490747467864925,0.6113398375562413,0.622827675220288
shock_50sigma,1,126,0.6078490558546823,0.7565511631475912,0.11777828706268456,0.10629044939863785,-0.1487021072929089,0.49007076879199774,0.5015586064560444
shock_50sigma,1,127,0.6075107647711506,0.6452247231165217,0.11777828706268456,0.10629044939863785,-0.03771395834537106,0.48973247770846606,0.5012203153725128
shock_50sigma,1,128,0.7500006104300911,0.7359342936089209,0.11777828706268456,0.10629044939863785,0.01406631682117021,0.6322223233674066,0.6437101610314533
shock_50sigma,1,129,0.56814268824368,0.541268663938326,0.11777828706268456,0.10629044939863785,0.026874024305354016,0.4503644011809954,0.4618522388450421
