nivel_ruido,variante,semilla,mode,mase_mediana,lambda_mediana,lambda_relativa_mediana,n_ventanas
0.0,target_limpio,0,naive,0.8613705680415826,,,1475
0.0,target_limpio,0,nnls,0.8736639598802906,,,1475
0.0,target_limpio,0,ols,0.25234635732006794,,,1475
0.0,target_limpio,0,ridge,0.2521894171601524,0.09006103415084116,0.0001,1475
0.0,target_limpio,0,ssrc,0.08862927033387505,0.022427432916111212,0.0001,1475
0.0,target_ruidoso,0,naive,0.8613705680415826,,,1475
0.0,target_ruidoso,0,nnls,0.8736639598802906,,,1475
0.0,target_ruidoso,0,ols,0.25234635732006794,,,1475
0.0,target_ruidoso,0,ridge,0.2521894171601524,0.09006103415084116,0.0001,1475
0.0,target_ruidoso,0,ssrc,0.08862927033387505,0.022427432916111212,0.0001,1475
0.01,target_limpio,0,naive,0.8613705680415826,,,1475
0.01,target_limpio,0,nnls,0.8871266508650002,,,1475
0.01,target_limpio,0,ols,0.2624254636541747,,,1475
0.01,target_limpio,0,ridge,0.26303925940929623,0.08028471110792788,0.0001,1475
0.01,target_limpio,0,ssrc,0.10839680191566894,0.02272194948963717,0.0001,1475
0.01,target_limpio,1,naive,0.8613705680415826,,,1475
0.01,target_limpio,1,nnls,0.8742099120707121,,,1475
0.01,target_limpio,1,ols,0.2621348275357128,,,1475
0.01,target_limpio,1,ridge,0.26084195306968383,0.077017580027091,0.0001,1475
0.01,target_limpio,1,ssrc,0.11636817976086913,0.022520177046315294,0.0001,1475
0.01,target_limpio,2,naive,0.8613705680415826,,,1475
0.01,target_limpio,2,nnls,0.8722265368582889,,,1475
0.01,target_limpio,2,ols,0.261310791602378,,,1475
0.01,target_limpio,2,ridge,0.2646732547599239,0.08308206165111943,0.0001,1475
0.01,target_limpio,2,ssrc,0.10954793517895148,0.022714643096592945,0.0001,1475
0.01,target_limpio,3,naive,0.8613705680415826,,,1475
0.01,target_limpio,3,nnls,0.8707359210735132,,,1475
0.01,target_limpio,3,ols,0.27128644850517386,,,1475
0.01,target_limpio,3,ridge,0.2721305088523219,0.08543849027473452,0.0001,1475
0.01,target_limpio,3,ssrc,0.11420336686797956,0.022684343101984552,0.0001,1475
0.01,target_limpio,4,naive,0.8613705680415826,,,1475
0.01,target_limpio,4,nnls,0.8761841676602802,,,1475
0.01,target_limpio,4,ols,0.25738403637579865,,,1475
0.01,target_limpio,4,ridge,0.2540013561665242,0.08393590356751675,0.0001,1475
0.01,target_limpio,4,ssrc,0.11151157438671933,0.022725422614167295,0.0001,1475
0.01,target_ruidoso,0,naive,0.8546640145231246,,,1475
0.01,target_ruidoso,0,nnls,0.8853689125359276,,,1475
0.01,target_ruidoso,0,ols,0.2674335035440255,,,1475
0.01,target_ruidoso,0,ridge,0.26747275384543256,0.07720896232561258,0.0001,1475
0.01,target_ruidoso,0,ssrc,0.11417371659097615,0.02270870410764103,0.0001,1475
0.01,target_ruidoso,1,naive,0.8720401133938337,,,1475
0.01,target_ruidoso,1,nnls,0.8760041660048233,,,1475
0.01,target_ruidoso,1,ols,0.26193581016344025,,,1475
0.01,target_ruidoso,1,ridge,0.25975390034952117,0.001048423419133445,1e-06,1475
0.01,target_ruidoso,1,ssrc,0.12159771330580883,0.022612799519352255,0.0001,1475
0.01,target_ruidoso,2,naive,0.8761931858472998,,,1475
0.01,target_ruidoso,2,nnls,0.8860511440739866,,,1475
0.01,target_ruidoso,2,ols,0.2630410060009428,,,1475
0.01,target_ruidoso,2,ridge,0.25911291875302267,0.07710243410075916,0.0001,1475
0.01,target_ruidoso,2,ssrc,0.11625892645486577,0.02263903307530844,0.0001,1475
0.01,target_ruidoso,3,naive,0.8640110658911048,,,1475
0.01,target_ruidoso,3,nnls,0.8653231700437113,,,1475
0.01,target_ruidoso,3,ols,0.2733017882423669,,,1475
0.01,target_ruidoso,3,ridge,0.27465424447484016,0.08198707565827651,0.0001,1475
0.01,target_ruidoso,3,ssrc,0.11561668127492557,0.022712157091932545,0.0001,1475
0.01,target_ruidoso,4,naive,0.868248109826167,,,1475
0.01,target_ruidoso,4,nnls,0.8755857500760783,,,1475
0.01,target_ruidoso,4,ols,0.2555531618519731,,,1475
0.01,target_ruidoso,4,ridge,0.26015649740884156,0.08268341382615153,0.0001,1475
0.01,target_ruidoso,4,ssrc,0.11486324587698556,0.022792439099041804,0.0001,1475
0.05,target_limpio,0,naive,0.8613705680415826,,,1475
0.05,target_limpio,0,nnls,0.9109200383323237,,,1475
0.05,target_limpio,0,ols,0.503087467671246,,,1475
0.05,target_limpio,0,ridge,0.5011268677356742,0.08829415393608304,0.0001,1475
0.05,target_limpio,0,ssrc,0.2618768074931869,0.024672506996233773,0.0001,1475
0.05,target_limpio,1,naive,0.8613705680415826,,,1475
0.05,target_limpio,1,nnls,0.8878559492210043,,,1475
0.05,target_limpio,1,ols,0.47866669913645143,,,1475
0.05,target_limpio,1,ridge,0.4811013970026909,0.09067412808173739,0.0001,1475
0.05,target_limpio,1,ssrc,0.23779583349014688,0.024210721136524796,0.0001,1475
0.05,target_limpio,2,naive,0.8613705680415826,,,1475
0.05,target_limpio,2,nnls,0.8838709961539687,,,1475
0.05,target_limpio,2,ols,0.49044764314984424,,,1475
0.05,target_limpio,2,ridge,0.48970376323675463,0.0894293323794359,0.0001,1475
0.05,target_limpio,2,ssrc,0.24430539007234972,0.024324715419890567,0.0001,1475
0.05,target_limpio,3,naive,0.8613705680415826,,,1475
0.05,target_limpio,3,nnls,0.8998669653603157,,,1475
0.05,target_limpio,3,ols,0.4832823330488674,,,1475
0.05,target_limpio,3,ridge,0.4855917284541849,0.08703617316738906,0.0001,1475
0.05,target_limpio,3,ssrc,0.23198659751491982,0.024314395651770685,0.0001,1475
0.05,target_limpio,4,naive,0.8613705680415826,,,1475
0.05,target_limpio,4,nnls,0.8957434098288366,,,1475
0.05,target_limpio,4,ols,0.5122636076958659,,,1475
0.05,target_limpio,4,ridge,0.51804983108459,0.0890674390083233,0.0001,1475
0.05,target_limpio,4,ssrc,0.2533881587160929,0.024963024520452282,0.0001,1475
0.05,target_ruidoso,0,naive,0.8788030267037131,,,1475
0.05,target_ruidoso,0,nnls,0.8913028552088271,,,1475
0.05,target_ruidoso,0,ols,0.5011673997536004,,,1475
0.05,target_ruidoso,0,ridge,0.5057750597012995,0.08916735341419646,0.0001,1475
0.05,target_ruidoso,0,ssrc,0.28783513357192064,0.22606124971523264,0.001,1475
0.05,target_ruidoso,1,naive,0.8589061030040974,,,1475
0.05,target_ruidoso,1,nnls,0.8647308219570207,,,1475
0.05,target_ruidoso,1,ols,0.5033134694824605,,,1475
0.05,target_ruidoso,1,ridge,0.5028787057713066,0.09146330986155671,0.0001,1475
0.05,target_ruidoso,1,ssrc,0.28193605584577763,0.22535947544667229,0.001,1475
0.05,target_ruidoso,2,naive,0.8820748358494125,,,1475
0.05,target_ruidoso,2,nnls,0.8820944051797701,,,1475
0.05,target_ruidoso,2,ols,0.4927284363563593,,,1475
0.05,target_ruidoso,2,ridge,0.5020447892673436,0.09142161680280741,0.0001,1475
0.05,target_ruidoso,2,ssrc,0.27654634619016427,0.22530872788735723,0.001,1475
0.05,target_ruidoso,3,naive,0.8679549719472142,,,1475
0.05,target_ruidoso,3,nnls,0.8960856104402726,,,1475
0.05,target_ruidoso,3,ols,0.4868334405626694,,,1475
0.05,target_ruidoso,3,ridge,0.4903404593047097,0.0884968392987435,0.0001,1475
0.05,target_ruidoso,3,ssrc,0.2791420704076545,0.2270774727036109,0.001,1475
0.05,target_ruidoso,4,naive,0.8617053054053315,,,1475
0.05,target_ruidoso,4,nnls,0.8587414841308708,,,1475
0.05,target_ruidoso,4,ols,0.5140193532912342,,,1475
0.05,target_ruidoso,4,ridge,0.5260773999440587,0.08760325856133543,0.0001,1475
0.05,target_ruidoso,4,ssrc,0.28462383361896276,0.2270243982562602,0.001,1475
0.1,target_limpio,0,naive,0.8613705680415826,,,1475
0.1,target_limpio,0,nnls,0.9537381204532229,,,1475
0.1,target_limpio,0,ols,0.6633160754659286,,,1475
0.1,target_limpio,0,ridge,0.6679616370668182,0.10118705950130143,0.0001,1475
0.1,target_limpio,0,ssrc,0.39124421723993147,0.23165196393899026,0.001,1475
0.1,target_limpio,1,naive,0.8613705680415826,,,1475
0.1,target_limpio,1,nnls,0.9525799217810977,,,1475
0.1,target_limpio,1,ols,0.660349962551329,,,1475
0.1,target_limpio,1,ridge,0.6667926666111619,0.10095943878384048,0.0001,1475
0.1,target_limpio,1,ssrc,0.37710368834890495,0.23119013370995267,0.001,1475
0.1,target_limpio,2,naive,0.8613705680415826,,,1475
0.1,target_limpio,2,nnls,0.9539033214530726,,,1475
0.1,target_limpio,2,ols,0.6827926540383783,,,1475
0.1,target_limpio,2,ridge,0.6827920735438457,0.10308568155469994,0.0001,1475
0.1,target_limpio,2,ssrc,0.3786976395186751,0.2333234340544026,0.001,1475
0.1,target_limpio,3,naive,0.8613705680415826,,,1475
0.1,target_limpio,3,nnls,0.9140850310150851,,,1475
0.1,target_limpio,3,ols,0.6811889343736495,,,1475
0.1,target_limpio,3,ridge,0.6801927478749785,0.10297870661527031,0.0001,1475
0.1,target_limpio,3,ssrc,0.38155023501084245,0.23158012517960389,0.001,1475
0.1,target_limpio,4,naive,0.8613705680415826,,,1475
0.1,target_limpio,4,nnls,0.9206255839703682,,,1475
0.1,target_limpio,4,ols,0.6864769534212088,,,1475
0.1,target_limpio,4,ridge,0.6834571903672038,0.10396244319702874,0.0001,1475
0.1,target_limpio,4,ssrc,0.3936332754549793,0.23147207238540016,0.001,1475
0.1,target_ruidoso,0,naive,0.8837835198948741,,,1475
0.1,target_ruidoso,0,nnls,0.8923999219023254,,,1475
0.1,target_ruidoso,0,ols,0.6793554516325157,,,1475
0.1,target_ruidoso,0,ridge,0.6820443893762979,0.101893534929202,0.0001,1475
0.1,target_ruidoso,0,ssrc,0.4670978993156799,0.24173506394441063,0.001,1475
0.1,target_ruidoso,1,naive,0.859966883016802,,,1475
0.1,target_ruidoso,1,nnls,0.8797186464677602,,,1475
0.1,target_ruidoso,1,ols,0.6765263898064734,,,1475
0.1,target_ruidoso,1,ridge,0.6792418212668466,0.10319844090397337,0.0001,1475
0.1,target_ruidoso,1,ssrc,0.45805009504796584,0.23860338764342448,0.001,1475
0.1,target_ruidoso,2,naive,0.8847513722066118,,,1475
0.1,target_ruidoso,2,nnls,0.910799459856006,,,1475
0.1,target_ruidoso,2,ols,0.6820276880561885,,,1475
0.1,target_ruidoso,2,ridge,0.6854309777612573,0.10408727751353838,0.0001,1475
0.1,target_ruidoso,2,ssrc,0.4603911285518264,0.24199343574536303,0.001,1475
0.1,target_ruidoso,3,naive,0.8690053079098102,,,1475
0.1,target_ruidoso,3,nnls,0.8831290445207483,,,1475
0.1,target_ruidoso,3,ols,0.6553501128634057,,,1475
0.1,target_ruidoso,3,ridge,0.6529537368687682,0.10569947186020773,0.0001,1475
0.1,target_ruidoso,3,ssrc,0.4377764162389442,0.23980530654238064,0.001,1475
0.1,target_ruidoso,4,naive,0.8424786454794734,,,1475
0.1,target_ruidoso,4,nnls,0.8618365934462228,,,1475
0.1,target_ruidoso,4,ols,0.656783949911921,,,1475
0.1,target_ruidoso,4,ridge,0.6588168159249279,0.10789391438233516,0.0001,1475
0.1,target_ruidoso,4,ssrc,0.4634739650473588,0.24166570088631292,0.001,1475
0.2,target_limpio,0,naive,0.8613705680415826,,,1475
0.2,target_limpio,0,nnls,1.0345098527203103,,,1475
0.2,target_limpio,0,ols,0.917754794775997,,,1475
0.2,target_limpio,0,ridge,0.9328325962478,1.005679197763262,0.001,1475
0.2,target_limpio,0,ssrc,0.6666279445296703,0.26208568955858924,0.001,1475
0.2,target_limpio,1,naive,0.8613705680415826,,,1475
0.2,target_limpio,1,nnls,1.0907410902877204,,,1475
0.2,target_limpio,1,ols,1.0127437402003687,,,1475
0.2,target_limpio,1,ridge,1.0052996641168426,1.0090227878313436,0.001,1475
0.2,target_limpio,1,ssrc,0.6701722228713115,2.3152241860291674,0.01,1475
0.2,target_limpio,2,naive,0.8613705680415826,,,1475
0.2,target_limpio,2,nnls,1.019276194905065,,,1475
0.2,target_limpio,2,ols,0.9230809808415735,,,1475
0.2,target_limpio,2,ridge,0.9274009087540447,1.0001508234573484,0.001,1475
0.2,target_limpio,2,ssrc,0.6395488316984981,0.2594839955069711,0.001,1475
0.2,target_limpio,3,naive,0.8613705680415826,,,1475
0.2,target_limpio,3,nnls,1.0154603887941234,,,1475
0.2,target_limpio,3,ols,0.9161647503888027,,,1475
0.2,target_limpio,3,ridge,0.9109257422595348,1.0178327768034603,0.001,1475
0.2,target_limpio,3,ssrc,0.6730745007339717,0.272823456793577,0.001,1475
0.2,target_limpio,4,naive,0.8613705680415826,,,1475
0.2,target_limpio,4,nnls,1.051288186111991,,,1475
0.2,target_limpio,4,ols,0.9508644471909787,,,1475
0.2,target_limpio,4,ridge,0.9532654743257136,1.0123415259645363,0.001,1475
0.2,target_limpio,4,ssrc,0.6582941499531562,2.3356171477989274,0.01,1475
0.2,target_ruidoso,0,naive,0.8760740764557887,,,1475
0.2,target_ruidoso,0,nnls,0.8309884923231761,,,1475
0.2,target_ruidoso,0,ols,0.8076418560689201,,,1475
0.2,target_ruidoso,0,ridge,0.8131834356912154,1.0205102102630728,0.001,1475
0.2,target_ruidoso,0,ssrc,0.6847704758397405,2.4133332473756766,0.01,1475
0.2,target_ruidoso,1,naive,0.8948352532082622,,,1475
0.2,target_ruidoso,1,nnls,0.8850602550270823,,,1475
0.2,target_ruidoso,1,ols,0.8259723689283786,,,1475
0.2,target_ruidoso,1,ridge,0.8330416584684277,1.0153912426415868,0.001,1475
0.2,target_ruidoso,1,ssrc,0.7017412679887329,2.410398311196147,0.01,1475
0.2,target_ruidoso,2,naive,0.8614398741803809,,,1475
0.2,target_ruidoso,2,nnls,0.8208940934746255,,,1475
0.2,target_ruidoso,2,ols,0.7583400460944498,,,1475
0.2,target_ruidoso,2,ridge,0.7650438488417899,1.0201593513855776,0.001,1475
0.2,target_ruidoso,2,ssrc,0.628510900472118,2.4054295757004875,0.01,1475
0.2,target_ruidoso,3,naive,0.8571706186977384,,,1475
0.2,target_ruidoso,3,nnls,0.8417938013810403,,,1475
0.2,target_ruidoso,3,ols,0.7741460069607791,,,1475
0.2,target_ruidoso,3,ridge,0.7793135303767285,1.0372357609980376,0.001,1475
0.2,target_ruidoso,3,ssrc,0.6385377230939157,2.419691872039922,0.01,1475
0.2,target_ruidoso,4,naive,0.8746843253022053,,,1475
0.2,target_ruidoso,4,nnls,0.8695499275657892,,,1475
0.2,target_ruidoso,4,ols,0.7882739450183559,,,1475
0.2,target_ruidoso,4,ridge,0.7947762247584407,1.0282477153868208,0.001,1475
0.2,target_ruidoso,4,ssrc,0.663569427798475,2.426361034971932,0.01,1475
0.5,target_limpio,0,naive,0.8613705680415826,,,1475
0.5,target_limpio,0,nnls,1.4240380058880686,,,1475
0.5,target_limpio,0,ols,1.4028966537375231,,,1475
0.5,target_limpio,0,ridge,1.400162027109232,1.613738930622541,0.001,1475
0.5,target_limpio,0,ssrc,1.3827422891705405,2.7987229532792206,0.01,1475
0.5,target_limpio,1,naive,0.8613705680415826,,,1475
0.5,target_limpio,1,nnls,1.508800577234774,,,1475
0.5,target_limpio,1,ols,1.526309649921492,,,1475
0.5,target_limpio,1,ridge,1.5294980313455024,11.849570169010649,0.01,1475
0.5,target_limpio,1,ssrc,1.461517637336001,2.823385119260621,0.01,1475
0.5,target_limpio,2,naive,0.8613705680415826,,,1475
0.5,target_limpio,2,nnls,1.5204885773767707,,,1475
0.5,target_limpio,2,ols,1.529033655530544,,,1475
0.5,target_limpio,2,ridge,1.5513717814120727,12.242036816586754,0.01,1475
0.5,target_limpio,2,ssrc,1.436915311224986,2.7931909484861053,0.01,1475
0.5,target_limpio,3,naive,0.8613705680415826,,,1475
0.5,target_limpio,3,nnls,1.5510865287471154,,,1475
0.5,target_limpio,3,ols,1.5710627961044081,,,1475
0.5,target_limpio,3,ridge,1.5610853288952073,1.5941420551779701,0.001,1475
0.5,target_limpio,3,ssrc,1.4377020081343765,2.8030041997852253,0.01,1475
0.5,target_limpio,4,naive,0.8613705680415826,,,1475
0.5,target_limpio,4,nnls,1.4979777110546606,,,1475
0.5,target_limpio,4,ols,1.477846438949806,,,1475
0.5,target_limpio,4,ridge,1.4869478571308792,1.4741121459212867,0.001,1475
0.5,target_limpio,4,ssrc,1.4227346138880976,2.8083137628988974,0.01,1475
0.5,target_ruidoso,0,naive,0.8237732183425214,,,1475
0.5,target_ruidoso,0,nnls,0.7574556581637283,,,1475
0.5,target_ruidoso,0,ols,0.7568208055649341,,,1475
0.5,target_ruidoso,0,ridge,0.7579988282205925,12.980795907235503,0.01,1475
0.5,target_ruidoso,0,ssrc,0.7652355497397577,27.294641115660614,0.1,1475
0.5,target_ruidoso,1,naive,0.855453596284513,,,1475
0.5,target_ruidoso,1,nnls,0.8007659170070812,,,1475
0.5,target_ruidoso,1,ols,0.8114204823234921,,,1475
0.5,target_ruidoso,1,ridge,0.8120221698216822,13.198436433695278,0.01,1475
0.5,target_ruidoso,1,ssrc,0.7944668655668229,27.230286318869528,0.1,1475
0.5,target_ruidoso,2,naive,0.8874867498583056,,,1475
0.5,target_ruidoso,2,nnls,0.7911492450029941,,,1475
0.5,target_ruidoso,2,ols,0.7998809986994496,,,1475
0.5,target_ruidoso,2,ridge,0.8002260571303521,13.611253411793868,0.01,1475
0.5,target_ruidoso,2,ssrc,0.7931638360462486,27.522259171044823,0.1,1475
0.5,target_ruidoso,3,naive,0.8703990888260795,,,1475
0.5,target_ruidoso,3,nnls,0.8102539355953671,,,1475
0.5,target_ruidoso,3,ols,0.8040587882225029,,,1475
0.5,target_ruidoso,3,ridge,0.8014291056035292,12.876405006923518,0.01,1475
0.5,target_ruidoso,3,ssrc,0.7964202515078468,27.34371371078034,0.1,1475
0.5,target_ruidoso,4,naive,0.8444950971698143,,,1475
0.5,target_ruidoso,4,nnls,0.7379327495092671,,,1475
0.5,target_ruidoso,4,ols,0.7553257097984183,,,1475
0.5,target_ruidoso,4,ridge,0.7542482664554875,12.836573796568437,0.01,1475
0.5,target_ruidoso,4,ssrc,0.7680386297523649,27.516307550382706,0.1,1475
