ubicacion,magnitud_sigma,signo,mode,mase_calma,mase_shock,delta_mase_shock_menos_calma,kappa_raw_mediana_calma,kappa_raw_mediana_shock,kappa_ratio_shock_sobre_calma,patron_shock_baja_kappa,n_ventanas_shock
5000,5,-1,naive,0.8609216385777785,0.9939811036229275,0.13305946504514898,1288187.6805702809,3486.729549328207,0.0027066937542708307,True,25.0
5000,5,-1,nnls,0.8706540910980196,0.7767384164947873,-0.09391567460323236,1288187.6805702809,3486.729549328207,0.0027066937542708307,True,25.0
5000,5,-1,ols,0.2530629479608114,0.23781890318161367,-0.015244044779197746,1288187.6805702809,3486.729549328207,0.0027066937542708307,True,25.0
5000,5,-1,ridge,0.253000591085983,0.35663215634134965,0.10363156525536665,1288187.6805702809,3486.729549328207,0.0027066937542708307,True,25.0
5000,5,-1,ssrc,0.08830968331024455,0.12132219283135327,0.03301250952110872,1288187.6805702809,3486.729549328207,0.0027066937542708307,True,25.0
5000,5,1,naive,0.8609216385777785,0.9920267193933784,0.1311050808155999,1288187.6805702809,3878.301520146959,0.00301066496648224,True,25.0
5000,5,1,nnls,0.8706540910980196,0.8997716822558661,0.029117591157846512,1288187.6805702809,3878.301520146959,0.00301066496648224,True,25.0
5000,5,1,ols,0.2530629479608114,0.49294521700949334,0.23988226904868193,1288187.6805702809,3878.301520146959,0.00301066496648224,True,25.0
5000,5,1,ridge,0.253000591085983,0.4329037666262557,0.1799031755402727,1288187.6805702809,3878.301520146959,0.00301066496648224,True,25.0
5000,5,1,ssrc,0.08830968331024455,0.20809547437309714,0.11978579106285259,1288187.6805702809,3878.301520146959,0.00301066496648224,True,25.0
5000,10,-1,naive,0.8609216385777785,0.9146446390218506,0.05372300044407208,1288187.6805702809,13459.417263774007,0.010448335647656187,True,25.0
5000,10,-1,nnls,0.8706540910980196,0.6430841820108645,-0.22756990908715513,1288187.6805702809,13459.417263774007,0.010448335647656187,True,25.0
5000,10,-1,ols,0.2530629479608114,0.22373486876756207,-0.02932807919324934,1288187.6805702809,13459.417263774007,0.010448335647656187,True,25.0
5000,10,-1,ridge,0.253000591085983,0.3172272311471138,0.06422664006113082,1288187.6805702809,13459.417263774007,0.010448335647656187,True,25.0
5000,10,-1,ssrc,0.08830968331024455,0.1554349588227802,0.06712527551253564,1288187.6805702809,13459.417263774007,0.010448335647656187,True,25.0
5000,10,1,naive,0.8609216385777785,0.9129895298628227,0.05206789128504419,1288187.6805702809,10302.69143990943,0.007997818637225615,True,25.0
5000,10,1,nnls,0.8706540910980196,1.1622479059040092,0.29159381480598956,1288187.6805702809,10302.69143990943,0.007997818637225615,True,25.0
5000,10,1,ols,0.2530629479608114,0.3517217336659169,0.0986587857051055,1288187.6805702809,10302.69143990943,0.007997818637225615,True,25.0
5000,10,1,ridge,0.253000591085983,0.33656687148652004,0.08356628040053704,1288187.6805702809,10302.69143990943,0.007997818637225615,True,25.0
5000,10,1,ssrc,0.08830968331024455,0.20989250860971023,0.12158282529946568,1288187.6805702809,10302.69143990943,0.007997818637225615,True,25.0
5000,15,-1,naive,0.8609216385777785,0.847036808707107,-0.013884829870671522,1288187.6805702809,57962.82123073948,0.04499563386996476,True,25.0
5000,15,-1,nnls,0.8706540910980196,0.6638503148183089,-0.2068037762797107,1288187.6805702809,57962.82123073948,0.04499563386996476,True,25.0
5000,15,-1,ols,0.2530629479608114,0.18838998488199152,-0.0646729630788199,1288187.6805702809,57962.82123073948,0.04499563386996476,True,25.0
5000,15,-1,ridge,0.253000591085983,0.17828151825348576,-0.07471907283249724,1288187.6805702809,57962.82123073948,0.04499563386996476,True,25.0
5000,15,-1,ssrc,0.08830968331024455,0.17975100623518872,0.09144132292494417,1288187.6805702809,57962.82123073948,0.04499563386996476,True,25.0
5000,15,1,naive,0.8609216385777785,0.8456171481496922,-0.015304490428086237,1288187.6805702809,49771.85204293825,0.03863711227303792,True,25.0
5000,15,1,nnls,0.8706540910980196,1.1455609694188187,0.2749068783207991,1288187.6805702809,49771.85204293825,0.03863711227303792,True,25.0
5000,15,1,ols,0.2530629479608114,0.3175965197487206,0.0645335717879092,1288187.6805702809,49771.85204293825,0.03863711227303792,True,25.0
5000,15,1,ridge,0.253000591085983,0.35310333604311367,0.10010274495713067,1288187.6805702809,49771.85204293825,0.03863711227303792,True,25.0
5000,15,1,ssrc,0.08830968331024455,0.2006365165285891,0.11232683321834455,1288187.6805702809,49771.85204293825,0.03863711227303792,True,25.0
5000,20,-1,naive,0.8609216385777785,0.7887357887340145,-0.07218584984376397,1288478.5930285067,177765.86216873102,0.13796570865092989,True,25.0
5000,20,-1,nnls,0.8706540910980196,0.6623685820256651,-0.20828550907235455,1288478.5930285067,177765.86216873102,0.13796570865092989,True,25.0
5000,20,-1,ols,0.2530629479608114,0.17318520292073167,-0.07987774504007975,1288478.5930285067,177765.86216873102,0.13796570865092989,True,25.0
5000,20,-1,ridge,0.253000591085983,0.1730128086282118,-0.07998778245777119,1288478.5930285067,177765.86216873102,0.13796570865092989,True,25.0
5000,20,-1,ssrc,0.08830968331024455,0.22300790642771123,0.13469822311746668,1288478.5930285067,177765.86216873102,0.13796570865092989,True,25.0
5000,20,1,naive,0.8609216385777785,0.7875046892550709,-0.07341694932270759,1288478.5930285067,159785.29423881785,0.12401082571597113,True,25.0
5000,20,1,nnls,0.8706540910980196,1.1106467242600355,0.2399926331620159,1288478.5930285067,159785.29423881785,0.12401082571597113,True,25.0
5000,20,1,ols,0.2530629479608114,0.298820006946481,0.04575705898566956,1288478.5930285067,159785.29423881785,0.12401082571597113,True,25.0
5000,20,1,ridge,0.253000591085983,0.3022723036173518,0.049271712531368805,1288478.5930285067,159785.29423881785,0.12401082571597113,True,25.0
5000,20,1,ssrc,0.08830968331024455,0.2059555087064281,0.11764582539618354,1288478.5930285067,159785.29423881785,0.12401082571597113,True,25.0
5000,30,-1,naive,0.8609216385777785,0.6932973347183042,-0.16762430385947424,1288478.5930285067,887183.5413873524,0.6885512465535576,True,25.0
5000,30,-1,nnls,0.8706540910980196,0.6290512525291847,-0.2416028385688349,1288478.5930285067,887183.5413873524,0.6885512465535576,True,25.0
5000,30,-1,ols,0.2530629479608114,0.14132084904162398,-0.11174209891918743,1288478.5930285067,887183.5413873524,0.6885512465535576,True,25.0
5000,30,-1,ridge,0.253000591085983,0.11163539982826466,-0.14136519125771835,1288478.5930285067,887183.5413873524,0.6885512465535576,True,25.0
5000,30,-1,ssrc,0.08830968331024455,0.29697561478352863,0.20866593147328408,1288478.5930285067,887183.5413873524,0.6885512465535576,True,25.0
5000,30,1,naive,0.8609216385777785,0.692345961010049,-0.1685756775677295,1288478.5930285067,828874.7808610144,0.6432972851437013,True,25.0
5000,30,1,nnls,0.8706540910980196,1.1568917726100525,0.2862376815120329,1288478.5930285067,828874.7808610144,0.6432972851437013,True,25.0
5000,30,1,ols,0.2530629479608114,0.2887300980182057,0.03566715005739429,1288478.5930285067,828874.7808610144,0.6432972851437013,True,25.0
5000,30,1,ridge,0.253000591085983,0.40402365044819877,0.15102305936221577,1288478.5930285067,828874.7808610144,0.6432972851437013,True,25.0
5000,30,1,ssrc,0.08830968331024455,0.3428821598051439,0.25457247649489934,1288478.5930285067,828874.7808610144,0.6432972851437013,True,25.0
10000,5,-1,naive,0.8601859629916906,1.0035276998092428,0.14334173681755225,1288774.6881317,2791.1360457857486,0.0021657284795311886,True,25.0
10000,5,-1,nnls,0.8652546430668173,1.3049283989559843,0.439673755889167,1288774.6881317,2791.1360457857486,0.0021657284795311886,True,25.0
10000,5,-1,ols,0.2525426345313573,0.4388751679910858,0.1863325334597285,1288774.6881317,2791.1360457857486,0.0021657284795311886,True,25.0
10000,5,-1,ridge,0.25221640879034923,0.4726813310870958,0.22046492229674658,1288774.6881317,2791.1360457857486,0.0021657284795311886,True,25.0
10000,5,-1,ssrc,0.08751109101489565,0.16024988124485604,0.07273879022996038,1288774.6881317,2791.1360457857486,0.0021657284795311886,True,25.0
10000,5,1,naive,0.8601859629916906,1.0035175348840204,0.1433315718923298,1288774.6881317,2175.0819784971804,0.0016877131422020205,True,25.0
10000,5,1,nnls,0.8652546430668173,1.3652457693495412,0.4999911262827239,1288774.6881317,2175.0819784971804,0.0016877131422020205,True,25.0
10000,5,1,ols,0.2525426345313573,0.45438491105889856,0.20184227652754128,1288774.6881317,2175.0819784971804,0.0016877131422020205,True,25.0
10000,5,1,ridge,0.25221640879034923,0.4858738602458459,0.23365745145549666,1288774.6881317,2175.0819784971804,0.0016877131422020205,True,25.0
10000,5,1,ssrc,0.08751109101489565,0.19995154182649968,0.11244045081160403,1288774.6881317,2175.0819784971804,0.0016877131422020205,True,25.0
10000,10,-1,naive,0.8601859629916906,0.9212897961218454,0.06110383313015477,1288774.6881317,10121.123341928604,0.007853291529647364,True,25.0
10000,10,-1,nnls,0.8652546430668173,1.0827528427971231,0.21749819973030582,1288774.6881317,10121.123341928604,0.007853291529647364,True,25.0
10000,10,-1,ols,0.2525426345313573,0.3009964452695862,0.04845381073822891,1288774.6881317,10121.123341928604,0.007853291529647364,True,25.0
10000,10,-1,ridge,0.25221640879034923,0.3486024637408802,0.09638605495053099,1288774.6881317,10121.123341928604,0.007853291529647364,True,25.0
10000,10,-1,ssrc,0.08751109101489565,0.1508585897795003,0.06334749876460466,1288774.6881317,10121.123341928604,0.007853291529647364,True,25.0
10000,10,1,naive,0.8601859629916906,0.9212812289329692,0.061095265941278565,1288774.6881317,7529.010395292504,0.005841991206552245,True,25.0
10000,10,1,nnls,0.8652546430668173,1.7361714281488565,0.8709167850820392,1288774.6881317,7529.010395292504,0.005841991206552245,True,25.0
10000,10,1,ols,0.2525426345313573,0.2924870276516717,0.03994439312031445,1288774.6881317,7529.010395292504,0.005841991206552245,True,25.0
10000,10,1,ridge,0.25221640879034923,0.364773693960173,0.11255728516982377,1288774.6881317,7529.010395292504,0.005841991206552245,True,25.0
10000,10,1,ssrc,0.08751109101489565,0.20586180131868873,0.11835071030379307,1288774.6881317,7529.010395292504,0.005841991206552245,True,25.0
10000,15,-1,naive,0.8601859629916906,0.8515095956092728,-0.008676367382417838,1288774.6881317,44783.5450313635,0.03474893279932812,True,25.0
10000,15,-1,nnls,0.8652546430668173,1.0456731668799228,0.18041852381310552,1288774.6881317,44783.5450313635,0.03474893279932812,True,25.0
10000,15,-1,ols,0.2525426345313573,0.25282591888350814,0.0002832843521508588,1288774.6881317,44783.5450313635,0.03474893279932812,True,25.0
10000,15,-1,ridge,0.25221640879034923,0.30773759854895233,0.055521189758603096,1288774.6881317,44783.5450313635,0.03474893279932812,True,25.0
10000,15,-1,ssrc,0.08751109101489565,0.14597414230514325,0.05846305129024759,1288774.6881317,44783.5450313635,0.03474893279932812,True,25.0
10000,15,1,naive,0.8601859629916906,0.8515022770563435,-0.008683685935347074,1288774.6881317,36898.168261051105,0.028630425939340357,True,25.0
10000,15,1,nnls,0.8652546430668173,1.8484774981549967,0.9832228550881794,1288774.6881317,36898.168261051105,0.028630425939340357,True,25.0
10000,15,1,ols,0.2525426345313573,0.32002167109237595,0.06747903656101867,1288774.6881317,36898.168261051105,0.028630425939340357,True,25.0
10000,15,1,ridge,0.25221640879034923,0.3419146597909157,0.08969825100056644,1288774.6881317,36898.168261051105,0.028630425939340357,True,25.0
10000,15,1,ssrc,0.08751109101489565,0.21310770121748254,0.1255966102025869,1288774.6881317,36898.168261051105,0.028630425939340357,True,25.0
10000,20,-1,naive,0.8601859629916906,0.7915556967708711,-0.06863026622081947,1288813.3244662178,138305.54030016513,0.10731231410681336,True,25.0
10000,20,-1,nnls,0.8652546430668173,0.998751388179558,0.13349674511274068,1288813.3244662178,138305.54030016513,0.10731231410681336,True,25.0
10000,20,-1,ols,0.2525426345313573,0.22218798167278328,-0.030354652858574,1288813.3244662178,138305.54030016513,0.10731231410681336,True,25.0
10000,20,-1,ridge,0.25221640879034923,0.27320397404336055,0.02098756525301132,1288813.3244662178,138305.54030016513,0.10731231410681336,True,25.0
10000,20,-1,ssrc,0.08751109101489565,0.212443121140347,0.12493203012545134,1288813.3244662178,138305.54030016513,0.10731231410681336,True,25.0
10000,20,1,naive,0.8601859629916906,0.7915493725162636,-0.06863659047542703,1288813.3244662178,119058.69004997895,0.09237853751961245,True,25.0
10000,20,1,nnls,0.8652546430668173,1.8842263292684123,1.018971686201595,1288813.3244662178,119058.69004997895,0.09237853751961245,True,25.0
10000,20,1,ols,0.2525426345313573,0.2900124292442957,0.03746979471293843,1288813.3244662178,119058.69004997895,0.09237853751961245,True,25.0
10000,20,1,ridge,0.25221640879034923,0.38513499590747763,0.1329185871171284,1288813.3244662178,119058.69004997895,0.09237853751961245,True,25.0
10000,20,1,ssrc,0.08751109101489565,0.29350198314568915,0.2059908921307935,1288813.3244662178,119058.69004997895,0.09237853751961245,True,25.0
10000,30,-1,naive,0.8601859629916906,0.6938492927118993,-0.16633667027979127,1288813.3244662178,683082.4496173979,0.5300088357639436,True,25.0
10000,30,-1,nnls,0.8652546430668173,0.8355743057614067,-0.029680337305410642,1288813.3244662178,683082.4496173979,0.5300088357639436,True,25.0
10000,30,-1,ols,0.2525426345313573,0.18805801433332844,-0.06448462019802884,1288813.3244662178,683082.4496173979,0.5300088357639436,True,25.0
10000,30,-1,ridge,0.25221640879034923,0.24513355448794602,-0.007082854302403213,1288813.3244662178,683082.4496173979,0.5300088357639436,True,25.0
10000,30,-1,ssrc,0.08751109101489565,0.30475663889738197,0.21724554788248632,1288813.3244662178,683082.4496173979,0.5300088357639436,True,25.0
10000,30,1,naive,0.8601859629916906,0.6938444333738091,-0.1663415296178815,1288813.3244662178,619385.8722434737,0.4805861799264079,True,25.0
10000,30,1,nnls,0.8652546430668173,1.8686863326093486,1.0034316895425313,1288813.3244662178,619385.8722434737,0.4805861799264079,True,25.0
10000,30,1,ols,0.2525426345313573,0.2781244761434308,0.025581841612073497,1288813.3244662178,619385.8722434737,0.4805861799264079,True,25.0
10000,30,1,ridge,0.25221640879034923,0.39287613660811,0.14065972781776076,1288813.3244662178,619385.8722434737,0.4805861799264079,True,25.0
10000,30,1,ssrc,0.08751109101489565,0.35246050127109996,0.26494941025620433,1288813.3244662178,619385.8722434737,0.4805861799264079,True,25.0
15000,5,-1,naive,0.8619342561929809,0.7318447007295975,-0.1300895554633834,1287319.8353481474,4183.697983931761,0.0032499289368910457,True,25.0
15000,5,-1,nnls,0.8763702016381114,0.6413954993636977,-0.23497470227441375,1287319.8353481474,4183.697983931761,0.0032499289368910457,True,25.0
15000,5,-1,ols,0.25221402494338263,0.5345875848373446,0.28237355989396196,1287319.8353481474,4183.697983931761,0.0032499289368910457,True,25.0
15000,5,-1,ridge,0.25120577717852943,0.37322310176889806,0.12201732459036863,1287319.8353481474,4183.697983931761,0.0032499289368910457,True,25.0
15000,5,-1,ssrc,0.08875978159624015,0.15626082035221214,0.06750103875597199,1287319.8353481474,4183.697983931761,0.0032499289368910457,True,25.0
15000,5,1,naive,0.8619342561929809,0.7294723567801933,-0.13246189941278763,1287319.8353481474,5184.345466504613,0.004027239637073206,True,25.0
15000,5,1,nnls,0.8763702016381114,0.6840885887751497,-0.19228161286296175,1287319.8353481474,5184.345466504613,0.004027239637073206,True,25.0
15000,5,1,ols,0.25221402494338263,0.18870797364547978,-0.06350605129790285,1287319.8353481474,5184.345466504613,0.004027239637073206,True,25.0
15000,5,1,ridge,0.25120577717852943,0.19254175032896714,-0.05866402684956229,1287319.8353481474,5184.345466504613,0.004027239637073206,True,25.0
15000,5,1,ssrc,0.08875978159624015,0.1826074016080787,0.09384762001183855,1287319.8353481474,5184.345466504613,0.004027239637073206,True,25.0
15000,10,-1,naive,0.8619342561929809,0.6747762099839602,-0.18715804620902077,1287319.8353481474,12929.078740112294,0.010043408316330112,True,25.0
15000,10,-1,nnls,0.8763702016381114,0.6419603179558048,-0.23440988368230664,1287319.8353481474,12929.078740112294,0.010043408316330112,True,25.0
15000,10,-1,ols,0.25221402494338263,0.47843590024160115,0.22622187529821852,1287319.8353481474,12929.078740112294,0.010043408316330112,True,25.0
15000,10,-1,ridge,0.25120577717852943,0.44851715885807086,0.19731138167954143,1287319.8353481474,12929.078740112294,0.010043408316330112,True,25.0
15000,10,-1,ssrc,0.08875978159624015,0.20555719676932296,0.11679741517308281,1287319.8353481474,12929.078740112294,0.010043408316330112,True,25.0
15000,10,1,naive,0.8619342561929809,0.6727589163961513,-0.18917533979682966,1287319.8353481474,12959.692317942468,0.010067189180253408,True,25.0
15000,10,1,nnls,0.8763702016381114,0.716953381529369,-0.15941682010874236,1287319.8353481474,12959.692317942468,0.010067189180253408,True,25.0
15000,10,1,ols,0.25221402494338263,0.2997676362377013,0.047553611294318676,1287319.8353481474,12959.692317942468,0.010067189180253408,True,25.0
15000,10,1,ridge,0.25120577717852943,0.2775289934582822,0.02632321627975276,1287319.8353481474,12959.692317942468,0.010067189180253408,True,25.0
15000,10,1,ssrc,0.08875978159624015,0.20264187970532732,0.11388209810908717,1287319.8353481474,12959.692317942468,0.010067189180253408,True,25.0
15000,15,-1,naive,0.8619342561929809,0.6259641729804507,-0.2359700832125302,1287319.8353481474,56309.36743235569,0.04374155193307278,True,25.0
15000,15,-1,nnls,0.8763702016381114,0.6289576991756782,-0.24741250246243318,1287319.8353481474,56309.36743235569,0.04374155193307278,True,25.0
15000,15,-1,ols,0.25221402494338263,0.4634704053862782,0.21125638044289557,1287319.8353481474,56309.36743235569,0.04374155193307278,True,25.0
15000,15,-1,ridge,0.25120577717852943,0.5106780576810908,0.2594722805025613,1287319.8353481474,56309.36743235569,0.04374155193307278,True,25.0
15000,15,-1,ssrc,0.08875978159624015,0.22793748406411252,0.13917770246787237,1287319.8353481474,56309.36743235569,0.04374155193307278,True,25.0
15000,15,1,naive,0.8619342561929809,0.624227802204711,-0.23770645398826995,1287319.8353481474,57274.69149534833,0.044491423127849775,True,25.0
15000,15,1,nnls,0.8763702016381114,0.7953666241890351,-0.08100357744907627,1287319.8353481474,57274.69149534833,0.044491423127849775,True,25.0
15000,15,1,ols,0.25221402494338263,0.32736485252610115,0.07515082758271852,1287319.8353481474,57274.69149534833,0.044491423127849775,True,25.0
15000,15,1,ridge,0.25120577717852943,0.4466890196569461,0.19548324247841664,1287319.8353481474,57274.69149534833,0.044491423127849775,True,25.0
15000,15,1,ssrc,0.08875978159624015,0.2572026373350798,0.16844285573883966,1287319.8353481474,57274.69149534833,0.044491423127849775,True,25.0
15000,20,-1,naive,0.8619342561929809,0.5837376905830355,-0.27819656560994543,1287431.8922008914,174987.65143030588,0.13591992903885647,True,25.0
15000,20,-1,nnls,0.8763702016381114,0.6134315144307735,-0.26293868720733793,1287431.8922008914,174987.65143030588,0.13591992903885647,True,25.0
15000,20,-1,ols,0.25221402494338263,0.4278551873990479,0.17564116245566525,1287431.8922008914,174987.65143030588,0.13591992903885647,True,25.0
15000,20,-1,ridge,0.25120577717852943,0.5901842702311069,0.33897849305257743,1287431.8922008914,174987.65143030588,0.13591992903885647,True,25.0
15000,20,-1,ssrc,0.08875978159624015,0.25874022568469485,0.1699804440884547,1287431.8922008914,174987.65143030588,0.13591992903885647,True,25.0
15000,20,1,naive,0.8619342561929809,0.582227400888212,-0.2797068553047689,1287431.8922008914,177997.95562886383,0.13825815307757575,True,25.0
15000,20,1,nnls,0.8763702016381114,0.8560975796294474,-0.020272622008663976,1287431.8922008914,177997.95562886383,0.13825815307757575,True,25.0
15000,20,1,ols,0.25221402494338263,0.3117552084960657,0.059541183552683064,1287431.8922008914,177997.95562886383,0.13825815307757575,True,25.0
15000,20,1,ridge,0.25120577717852943,0.4210972431746975,0.16989146599616806,1287431.8922008914,177997.95562886383,0.13825815307757575,True,25.0
15000,20,1,ssrc,0.08875978159624015,0.29331698147550156,0.2045571998792614,1287431.8922008914,177997.95562886383,0.13825815307757575,True,25.0
15000,30,-1,naive,0.8619342561929809,0.5143441244500366,-0.3475901317429443,1287431.8922008914,881835.3247219783,0.6849568742735296,True,25.0
15000,30,-1,nnls,0.8763702016381114,0.5738858926824398,-0.3024843089556716,1287431.8922008914,881835.3247219783,0.6849568742735296,True,25.0
15000,30,-1,ols,0.25221402494338263,0.4636660132975298,0.2114519883541472,1287431.8922008914,881835.3247219783,0.6849568742735296,True,25.0
15000,30,-1,ridge,0.25120577717852943,0.45167540951555096,0.20046963233702153,1287431.8922008914,881835.3247219783,0.6849568742735296,True,25.0
15000,30,-1,ssrc,0.08875978159624015,0.34565031622000036,0.2568905346237602,1287431.8922008914,881835.3247219783,0.6849568742735296,True,25.0
15000,30,1,naive,0.8619342561929809,0.5131712110429273,-0.34876304515005363,1287431.8922008914,892235.851609262,0.6930353807563105,True,25.0
15000,30,1,nnls,0.8763702016381114,0.882531678565126,0.006161476927014631,1287431.8922008914,892235.851609262,0.6930353807563105,True,25.0
15000,30,1,ols,0.25221402494338263,0.3449617206283104,0.09274769568492774,1287431.8922008914,892235.851609262,0.6930353807563105,True,25.0
15000,30,1,ridge,0.25120577717852943,0.5636186733375571,0.3124128961590277,1287431.8922008914,892235.851609262,0.6930353807563105,True,25.0
15000,30,1,ssrc,0.08875978159624015,0.31158918483626197,0.22282940324002182,1287431.8922008914,892235.851609262,0.6930353807563105,True,25.0
20000,5,-1,naive,0.8609216385777785,0.9852583970223768,0.12433675844459835,1284357.0864074712,4924.76421073769,0.0038344197753546506,True,25.0
20000,5,-1,nnls,0.8706540910980196,1.107586664481879,0.23693257338385942,1284357.0864074712,4924.76421073769,0.0038344197753546506,True,25.0
20000,5,-1,ols,0.25221402494338263,0.3021421961630524,0.04992817121966975,1284357.0864074712,4924.76421073769,0.0038344197753546506,True,25.0
20000,5,-1,ridge,0.25120577717852943,0.26038044492787904,0.009174667749349608,1284357.0864074712,4924.76421073769,0.0038344197753546506,True,25.0
20000,5,-1,ssrc,0.08910591049987387,0.08970771819140066,0.00060180769152679,1284357.0864074712,4924.76421073769,0.0038344197753546506,True,25.0
20000,5,1,naive,0.8609216385777785,0.9840764917842901,0.12315485320651165,1284357.0864074712,4607.559127981836,0.0035874440034973703,True,25.0
20000,5,1,nnls,0.8706540910980196,1.0762401122998166,0.20558602120179703,1284357.0864074712,4607.559127981836,0.0035874440034973703,True,25.0
20000,5,1,ols,0.25221402494338263,0.3490155538924871,0.09680152894910449,1284357.0864074712,4607.559127981836,0.0035874440034973703,True,25.0
20000,5,1,ridge,0.25120577717852943,0.34437615684013834,0.0931703796616089,1284357.0864074712,4607.559127981836,0.0035874440034973703,True,25.0
20000,5,1,ssrc,0.08910591049987387,0.09766764860217352,0.00856173810229964,1284357.0864074712,4607.559127981836,0.0035874440034973703,True,25.0
20000,10,-1,naive,0.8609216385777785,0.912987552625028,0.05206591404724947,1284357.0864074712,19219.90145571452,0.014964608876395355,True,25.0
20000,10,-1,nnls,0.8706540910980196,0.9793962439016154,0.10874215280359578,1284357.0864074712,19219.90145571452,0.014964608876395355,True,25.0
20000,10,-1,ols,0.25221402494338263,0.3073805868442677,0.05516656190088509,1284357.0864074712,19219.90145571452,0.014964608876395355,True,25.0
20000,10,-1,ridge,0.25120577717852943,0.40773985652071176,0.15653407934218233,1284357.0864074712,19219.90145571452,0.014964608876395355,True,25.0
20000,10,-1,ssrc,0.08910591049987387,0.10798597982974757,0.018880069329873697,1284357.0864074712,19219.90145571452,0.014964608876395355,True,25.0
20000,10,1,naive,0.8609216385777785,0.9119725894229055,0.05105095084512701,1284357.0864074712,10521.002136439622,0.008191648761691622,True,25.0
20000,10,1,nnls,0.8706540910980196,1.3230244111165168,0.4523703200184972,1284357.0864074712,10521.002136439622,0.008191648761691622,True,25.0
20000,10,1,ols,0.25221402494338263,0.30614798050712605,0.05393395556374342,1284357.0864074712,10521.002136439622,0.008191648761691622,True,25.0
20000,10,1,ridge,0.25120577717852943,0.33665494757664394,0.0854491703981145,1284357.0864074712,10521.002136439622,0.008191648761691622,True,25.0
20000,10,1,ssrc,0.08910591049987387,0.19618372147082389,0.10707781097095001,1284357.0864074712,10521.002136439622,0.008191648761691622,True,25.0
20000,15,-1,naive,0.8609216385777785,0.8505945910234188,-0.010327047554359647,1284357.0864074712,79681.447824705,0.06203994875567301,True,25.0
20000,15,-1,nnls,0.8706540910980196,0.9012368801926683,0.030582789094648732,1284357.0864074712,79681.447824705,0.06203994875567301,True,25.0
20000,15,-1,ols,0.25221402494338263,0.2399479045611019,-0.012266120382280726,1284357.0864074712,79681.447824705,0.06203994875567301,True,25.0
20000,15,-1,ridge,0.25120577717852943,0.31830756239366936,0.06710178521513993,1284357.0864074712,79681.447824705,0.06203994875567301,True,25.0
20000,15,-1,ssrc,0.08910591049987387,0.1517272025504499,0.06262129205057604,1284357.0864074712,79681.447824705,0.06203994875567301,True,25.0
20000,15,1,naive,0.8609216385777785,0.8497135445585123,-0.011208094019266146,1284357.0864074712,50471.40244756117,0.03929701714710575,True,25.0
20000,15,1,nnls,0.8706540910980196,1.19979235876541,0.3291382676673904,1284357.0864074712,50471.40244756117,0.03929701714710575,True,25.0
20000,15,1,ols,0.25221402494338263,0.23086392575079012,-0.02135009919259251,1284357.0864074712,50471.40244756117,0.03929701714710575,True,25.0
20000,15,1,ridge,0.25120577717852943,0.3427724348482843,0.09156665766975486,1284357.0864074712,50471.40244756117,0.03929701714710575,True,25.0
20000,15,1,ssrc,0.08910591049987387,0.27009757003665,0.18099165953677615,1284357.0864074712,50471.40244756117,0.03929701714710575,True,25.0
20000,20,-1,naive,0.8609216385777785,0.7961839124398509,-0.06473772613792761,1284756.3064965587,233872.28328610174,0.18203629910473468,True,25.0
20000,20,-1,nnls,0.8706540910980196,0.854225256819634,-0.016428834278385596,1284756.3064965587,233872.28328610174,0.18203629910473468,True,25.0
20000,20,-1,ols,0.25221402494338263,0.2269440459252631,-0.02526997901811953,1284756.3064965587,233872.28328610174,0.18203629910473468,True,25.0
20000,20,-1,ridge,0.25120577717852943,0.28982974755466356,0.03862397037613413,1284756.3064965587,233872.28328610174,0.18203629910473468,True,25.0
20000,20,-1,ssrc,0.08910591049987387,0.14536713643341226,0.056261225933538384,1284756.3064965587,233872.28328610174,0.18203629910473468,True,25.0
20000,20,1,naive,0.8609216385777785,0.7954119269239627,-0.0655097116538158,1284756.3064965587,162870.57483759642,0.12677157061928201,True,25.0
20000,20,1,nnls,0.8706540910980196,0.9716186651004153,0.10096457400239567,1284756.3064965587,162870.57483759642,0.12677157061928201,True,25.0
20000,20,1,ols,0.25221402494338263,0.21919382025138245,-0.03302020469200018,1284756.3064965587,162870.57483759642,0.12677157061928201,True,25.0
20000,20,1,ridge,0.25120577717852943,0.26538880288777267,0.014183025709243235,1284756.3064965587,162870.57483759642,0.12677157061928201,True,25.0
20000,20,1,ssrc,0.08910591049987387,0.28586915416723163,0.19676324366735776,1284756.3064965587,162870.57483759642,0.12677157061928201,True,25.0
20000,30,-1,naive,0.8609216385777785,0.7058770814248468,-0.15504455715293164,1284756.3064965587,1080816.0756163325,0.8412615452059098,True,25.0
20000,30,-1,nnls,0.8706540910980196,0.7909422916707411,-0.07971179942727846,1284756.3064965587,1080816.0756163325,0.8412615452059098,True,25.0
20000,30,-1,ols,0.25221402494338263,0.20917405288567395,-0.04303997205770868,1284756.3064965587,1080816.0756163325,0.8412615452059098,True,25.0
20000,30,-1,ridge,0.25120577717852943,0.2382898716824422,-0.012915905496087232,1284756.3064965587,1080816.0756163325,0.8412615452059098,True,25.0
20000,30,-1,ssrc,0.08910591049987387,0.20335933305401593,0.11425342255414206,1284756.3064965587,1080816.0756163325,0.8412615452059098,True,25.0
20000,30,1,naive,0.8609216385777785,0.7052702217446901,-0.15565141683308836,1284756.3064965587,852007.9031434241,0.6631669358890251,True,25.0
20000,30,1,nnls,0.8706540910980196,0.6650321141242309,-0.2056219769737887,1284756.3064965587,852007.9031434241,0.6631669358890251,True,25.0
20000,30,1,ols,0.25221402494338263,0.1920863565585743,-0.06012766838480832,1284756.3064965587,852007.9031434241,0.6631669358890251,True,25.0
20000,30,1,ridge,0.25120577717852943,0.2293616361026737,-0.021844141075855722,1284756.3064965587,852007.9031434241,0.6631669358890251,True,25.0
20000,30,1,ssrc,0.08910591049987387,0.38514427091636855,0.2960383604164947,1284756.3064965587,852007.9031434241,0.6631669358890251,True,25.0
25000,5,-1,naive,0.8646586416548907,0.3684324724344952,-0.49622616922039553,1288478.5930285067,3031.3681391261007,0.0023526724894986544,True,25.0
25000,5,-1,nnls,0.8885911977136947,0.32437419463214945,-0.5642170030815452,1288478.5930285067,3031.3681391261007,0.0023526724894986544,True,25.0
25000,5,-1,ols,0.2529183981318853,0.2418021539689558,-0.011116244162929528,1288478.5930285067,3031.3681391261007,0.0023526724894986544,True,25.0
25000,5,-1,ridge,0.253000591085983,0.3232946383794602,0.07029404729347721,1288478.5930285067,3031.3681391261007,0.0023526724894986544,True,25.0
25000,5,-1,ssrc,0.08830968331024455,0.1226653468442555,0.03435566353401094,1288478.5930285067,3031.3681391261007,0.0023526724894986544,True,25.0
25000,5,1,naive,0.8646586416548907,0.3686108469755884,-0.4960477946793023,1288478.5930285067,2556.8431548014223,0.001984389316699229,True,25.0
25000,5,1,nnls,0.8885911977136947,0.36968869715315317,-0.5189025005605414,1288478.5930285067,2556.8431548014223,0.001984389316699229,True,25.0
25000,5,1,ols,0.2529183981318853,0.19825430819173123,-0.05466408994015409,1288478.5930285067,2556.8431548014223,0.001984389316699229,True,25.0
25000,5,1,ridge,0.253000591085983,0.2621221480766818,0.009121556990698831,1288478.5930285067,2556.8431548014223,0.001984389316699229,True,25.0
25000,5,1,ssrc,0.08830968331024455,0.1648763294289588,0.07656664611871425,1288478.5930285067,2556.8431548014223,0.001984389316699229,True,25.0
25000,10,-1,naive,0.8646586416548907,0.3393412815502258,-0.5253173601046649,1288478.5930285067,9422.994959011334,0.007313272420664001,True,25.0
25000,10,-1,nnls,0.8885911977136947,0.26582721125799985,-0.6227639864556949,1288478.5930285067,9422.994959011334,0.007313272420664001,True,25.0
25000,10,-1,ols,0.2529183981318853,0.17717011752731412,-0.0757482806045712,1288478.5930285067,9422.994959011334,0.007313272420664001,True,25.0
25000,10,-1,ridge,0.253000591085983,0.24178130949198487,-0.011219281593998126,1288478.5930285067,9422.994959011334,0.007313272420664001,True,25.0
25000,10,-1,ssrc,0.08830968331024455,0.13734223633496231,0.04903255302471776,1288478.5930285067,9422.994959011334,0.007313272420664001,True,25.0
25000,10,1,naive,0.8646586416548907,0.33949259371942586,-0.5251660479354648,1288478.5930285067,8534.259106797826,0.006623516411505497,True,25.0
25000,10,1,nnls,0.8885911977136947,0.47615276999718237,-0.4124384277165123,1288478.5930285067,8534.259106797826,0.006623516411505497,True,25.0
25000,10,1,ols,0.2529183981318853,0.16328239518185392,-0.08963600295003141,1288478.5930285067,8534.259106797826,0.006623516411505497,True,25.0
25000,10,1,ridge,0.253000591085983,0.16360556881163665,-0.08939502227434634,1288478.5930285067,8534.259106797826,0.006623516411505497,True,25.0
25000,10,1,ssrc,0.08830968331024455,0.1429639095102382,0.05465422619999366,1288478.5930285067,8534.259106797826,0.006623516411505497,True,25.0
25000,15,-1,naive,0.8646586416548907,0.31450793725551335,-0.5501507043993774,1288478.5930285067,42630.20166910278,0.033085688733797705,True,25.0
25000,15,-1,nnls,0.8885911977136947,0.31478297363408214,-0.5738082240796125,1288478.5930285067,42630.20166910278,0.033085688733797705,True,25.0
25000,15,-1,ols,0.2529183981318853,0.18012245808749333,-0.072795940044392,1288478.5930285067,42630.20166910278,0.033085688733797705,True,25.0
25000,15,-1,ridge,0.253000591085983,0.20124078610825633,-0.05175980497772667,1288478.5930285067,42630.20166910278,0.033085688733797705,True,25.0
25000,15,-1,ssrc,0.08830968331024455,0.14537446612330085,0.0570647828130563,1288478.5930285067,42630.20166910278,0.033085688733797705,True,25.0
25000,15,1,naive,0.8646586416548907,0.31463790916968176,-0.5500207324852089,1288478.5930285067,40028.11518581715,0.03106618565678534,True,25.0
25000,15,1,nnls,0.8885911977136947,0.4290189676076899,-0.45957223010600473,1288478.5930285067,40028.11518581715,0.03106618565678534,True,25.0
25000,15,1,ols,0.2529183981318853,0.12318709780945752,-0.1297313003224278,1288478.5930285067,40028.11518581715,0.03106618565678534,True,25.0
25000,15,1,ridge,0.253000591085983,0.13349959152420232,-0.11950099956178067,1288478.5930285067,40028.11518581715,0.03106618565678534,True,25.0
25000,15,1,ssrc,0.08830968331024455,0.21329628103582504,0.12498659772558049,1288478.5930285067,40028.11518581715,0.03106618565678534,True,25.0
25000,20,-1,naive,0.8646586416548907,0.2930614021731611,-0.5715972394817296,1288774.6881317,133894.25831668635,0.10389268159106153,True,25.0
25000,20,-1,nnls,0.8885911977136947,0.29332940252918294,-0.5952617951845117,1288774.6881317,133894.25831668635,0.10389268159106153,True,25.0
25000,20,-1,ols,0.2529183981318853,0.17403328290202735,-0.07888511522985797,1288774.6881317,133894.25831668635,0.10389268159106153,True,25.0
25000,20,-1,ridge,0.253000591085983,0.19408196529674035,-0.058918625789242646,1288774.6881317,133894.25831668635,0.10389268159106153,True,25.0
25000,20,-1,ssrc,0.08830968331024455,0.18764618818867945,0.0993365048784349,1288774.6881317,133894.25831668635,0.10389268159106153,True,25.0
25000,20,1,naive,0.8646586416548907,0.2931742495069736,-0.5714843921479171,1288774.6881317,127155.35726651826,0.0986637605762197,True,25.0
25000,20,1,nnls,0.8885911977136947,0.6016511963240819,-0.28694000138961273,1288774.6881317,127155.35726651826,0.0986637605762197,True,25.0
25000,20,1,ols,0.2529183981318853,0.12059546609581642,-0.1323229320360689,1288774.6881317,127155.35726651826,0.0986637605762197,True,25.0
25000,20,1,ridge,0.253000591085983,0.13682609248722305,-0.11617449859875995,1288774.6881317,127155.35726651826,0.0986637605762197,True,25.0
25000,20,1,ssrc,0.08830968331024455,0.26312576099662555,0.174816077686381,1288774.6881317,127155.35726651826,0.0986637605762197,True,25.0
25000,30,-1,naive,0.8646586416548907,0.25788997561027954,-0.6067686660446112,1288774.6881317,674150.8546008308,0.5230944251226164,True,25.0
25000,30,-1,nnls,0.8885911977136947,0.25073950900054226,-0.6378516887131525,1288774.6881317,674150.8546008308,0.5230944251226164,True,25.0
25000,30,-1,ols,0.2529183981318853,0.1437940035642756,-0.10912439456760972,1288774.6881317,674150.8546008308,0.5230944251226164,True,25.0
25000,30,-1,ridge,0.253000591085983,0.18409010419715183,-0.06891048688883117,1288774.6881317,674150.8546008308,0.5230944251226164,True,25.0
25000,30,-1,ssrc,0.08830968331024455,0.2330032900126907,0.14469360670244616,1288774.6881317,674150.8546008308,0.5230944251226164,True,25.0
25000,30,1,naive,0.8646586416548907,0.25797735779705255,-0.6066812838578381,1288774.6881317,649136.6385121978,0.5036851239321224,True,25.0
25000,30,1,nnls,0.8885911977136947,1.1868884704312925,0.29829727271759787,1288774.6881317,649136.6385121978,0.5036851239321224,True,25.0
25000,30,1,ols,0.2529183981318853,0.10961978813233943,-0.1432986099995459,1288774.6881317,649136.6385121978,0.5036851239321224,True,25.0
25000,30,1,ridge,0.253000591085983,0.1403391476702831,-0.11266144341569989,1288774.6881317,649136.6385121978,0.5036851239321224,True,25.0
25000,30,1,ssrc,0.08830968331024455,0.3776646188534861,0.28935493554324154,1288774.6881317,649136.6385121978,0.5036851239321224,True,25.0
