Fecha,Súper,Regular,Diesel,Kerosene,LPG 25 Lbs,Año,Índice,FechaInicioISO
2 al 8 de ene 2017,88.66,80.5,71.53,51.59,240.67,2017,101,2017-01-02
9 al 15 de ene 2017,89.68,81.71,72.11,52.24,240.67,2017,102,2017-01-09
16-22 de ene 2017,90.25,82.45,72.3,52.66,240.67,2017,103,2017-01-16
23-29 de ene 2017,90.53,82.52,72.09,52.75,240.67,2017,104,2017-01-23
30 ene-5 feb 2017,90.43,82.28,71.96,52.85,253.49,2017,105,2017-01-30
6 al 12 de feb 2017,89.75,81.41,71.67,52.82,253.49,2017,106,2017-02-06
13 al 19 de feb 2017,89.06,80.75,71.58,52.97,253.49,2017,107,2017-02-13
20 al 26 de feb 2017,88.59,80.37,71.69,53.18,257.37,2017,108,2017-02-20
27 feb-5 mar 2017,88.53,80.69,72.02,53.56,257.37,2017,109,2017-02-27
6 al 12 marzo 2017,88.32,80.61,72.05,53.61,257.37,2017,110,2017-03-06
13 al 19 marzo 2017,87.87,80.17,71.68,53.15,257.37,2017,111,2017-03-13
20 al 26 marzo 2017,88.07,79.63,70.96,52.35,257.37,2017,112,2017-03-20
27 mar-2 abr 2017,86.89,79.39,70.26,51.56,257.37,2017,113,2017-03-27
3 abril-9 abril 2017,86.56,79.09,69.61,50.88,263.07,2017,114,2017-04-03
10 al 16 abril 2017,87.14,79.61,69.46,50.73,263.07,2017,115,2017-04-10
17 al 23 abril 2017,87.14,80.58,70.24,51.51,263.07,2017,116,2017-04-17
24 al 30 abril 2017,88.65,80.93,70.63,51.89,263.07,2017,117,2017-04-24
1 al 7 de mayo 2017,88.83,81.04,70.86,52.12,263.07,2017,118,2017-05-01
8 al 14 mayo 2017,88.12,79.98,70.25,51.59,263.07,2017,119,2017-05-08
15 al 21 mayo 2017,87.21,78.54,69.3,50.64,263.07,2017,120,2017-05-15
22 al 28 mayo 2017,86.79,77.59,68.62,49.81,263.07,2017,121,2017-05-22
29 may a 4 jun 2017,86.98,77.59,68.77,49.85,263.07,2017,122,2017-05-29
5 al 11 jun 2017,87.31,77.78,68.81,49.81,263.07,2017,123,2017-06-05
12  al 18 jun 2017,87.4,78.12,68.74,49.58,263.07,2017,124,2017-06-12
19  al 25 jun 2017,86.86,78.2,68.43,49.44,263.07,2017,125,2017-06-19
26 jun al 2 jul 2017,85.81,77.67,67.57,48.3,263.07,2017,126,2017-06-26
3 al 9 julio 2017,84.7,77.1,66.65,47.31,263.07,2017,127,2017-07-03
10 al 16 julio 2017,84.48,77.14,66.62,47.31,263.07,2017,128,2017-07-10
17 al 23 julio 2017,84.4,77.25,66.77,47.69,263.07,2017,129,2017-07-17
24 al 30 julio 2017,85.01,77.9,67.3,48.45,263.07,2017,130,2017-07-24
31 jul al 6 ago 2017,85.84,78.58,68.2,49.54,263.07,2017,131,2017-07-31
7 al 13 agosto 2017,86.9,79.18,69.27,50.76,263.07,2017,132,2017-08-07
14 al 20 agos 2017,87.7,79.56,70.21,51.74,263.07,2017,133,2017-08-14
21 al 27 agos 2017,87.96,79.67,70.74,52.31,263.07,2017,134,2017-08-21
28 ago-3 sept 2017,88.23,79.94,71.12,52.76,263.07,2017,135,2017-08-28
4 al 10 de sept 2017,89.29,81.19,71.46,53.97,263.07,2017,136,2017-09-04
11 al 17 sept 2017,91.07,81.49,72.25,55.41,263.07,2017,137,2017-09-11
18 al 24 sept 2017,92.77,81.49,73.08,56.39,263.07,2017,138,2017-09-18
25 sep al 1 oct 2017,93.9,82.06,74.19,57.49,263.07,2017,139,2017-09-25
2 al 8 octubre 2017,94.55,82.32,75.25,58.13,263.07,2017,140,2017-10-02
9 al 15 oct 2017,92.69,80.99,75.25,56.93,263.07,2017,141,2017-10-09
16 al 22 oct 2017,90.84,81.3,75.02,56.09,263.07,2017,142,2017-10-16
23 al 29 oct 2017,90.23,81.91,75.17,55.9,263.07,2017,143,2017-10-23
30 oct al 5 nov 2017,90.61,82.02,75.17,55.75,263.07,2017,144,2017-10-30
06 al 12 nov 2017,91.41,82.89,75.47,55.9,263.07,2017,145,2017-11-06
13 nov-17 dic 2017,91.41,82.89,75.47,55.9,263.07,2017,146,2017-11-13
18 al 31 dic 2017,91.41,82.89,75.47,55.9,263.07,2017,147,2017-12-18
1 al 7 enero 2018,91.97,83.57,76.15,56.96,263.07,2018,201,2018-01-01
8 al 14 enero 2018,92.39,84.59,77.44,58.1,263.07,2018,202,2018-01-08
15 al 21 enero 2018,93.64,85.69,78.92,60.07,263.07,2018,203,2018-01-15
22 al 28 enero 2018,94.66,87.21,80.17,61.77,263.07,2018,204,2018-01-22
29 ene al 4 feb 2018,96.02,88.3,81.11,62.45,263.07,2018,205,2018-01-29
5 al 11 febrero 2018,96.89,88.87,81.45,63.17,263.07,2018,206,2018-02-05
12 al 18 feb 2018,97.27,89.21,81.3,62.9,263.07,2018,207,2018-02-12
19 al 25 feb 2018,96.74,88.46,80.39,62.04,263.07,2018,208,2018-02-19
26 feb-4 mar 2018,96.21,87.85,80.01,61.66,263.07,2018,209,2018-02-26
5 al 11 mar 2018,95.42,87.21,79.45,61.17,271.07,2018,210,2018-03-05
12 al 18 mar 2018,94.74,86.41,78.84,60.67,271.07,2018,211,2018-03-12
19 al 25 mar 2018,94.28,86.22,78.65,60.48,271.07,2018,212,2018-03-19
26 mar-1 abr 2018,95.19,87.21,79.07,60.71,271.07,2018,213,2018-03-26
2 al 8 abril 2018,95.84,87.66,79.07,61.2,273.6,2018,214,2018-04-02
9 al 15 abril 2018,96.48,88.15,79.33,61.73,273.6,2018,215,2018-04-09
16 al 22 abril 2018,96.48,88.15,80.32,62.34,273.6,2018,216,2018-04-16
23 al 29 abril 2018,97.2,88.6,81.42,63.59,273.6,2018,217,2018-04-23
30 abril 6 mayo 2018,97.46,89.02,82.05,64.42,273.6,2018,218,2018-04-30
7 al 13 mayo 2018,98.52,90.01,83.0,65.18,273.6,2018,219,2018-05-07
14 al 20 mayo 2018,99.32,91.13,84.06,66.31,273.6,2018,220,2018-05-14
21 al 27 mayo 2018,100.42,92.43,85.35,67.52,273.6,2018,221,2018-05-21
28 may-3 jun 2018,101.32,93.15,86.26,68.28,276.42,2018,222,2018-05-28
4 al 10 jun 2018,101.55,93.34,86.64,68.58,288.12,2018,223,2018-06-04
11 al 17 jun 2018,101.89,93.22,86.9,68.85,288.12,2018,224,2018-06-11
18 al 24 jun 2018,101.81,92.72,86.64,68.61,288.12,2018,225,2018-06-18
25 jun al 1 jul 2018,101.21,91.7,85.89,68.11,288.12,2018,226,2018-06-25
2 al 8 de julio 2018,100.55,91.36,85.4,67.69,288.12,2018,227,2018-07-02
9 al 15 de julio 2018,100.35,91.34,85.3,67.49,288.12,2018,228,2018-07-09
16 al 22 julio 2018,100.45,91.79,85.35,67.56,288.12,2018,229,2018-07-16
23 al 29 julio 2018,100.42,91.78,85.25,67.51,288.12,2018,230,2018-07-23
30 jul – 5 agos 2018,100.53,91.79,85.23,67.56,290.85,2018,231,2018-07-30
6-12 agosto 2018,100.9,92.2,85.23,67.64,290.85,2018,232,2018-08-06
13-19 agosto 2018,100.68,92.47,84.86,67.41,290.85,2018,233,2018-08-13
20-26 agosto 2018,100.68,92.5,84.86,67.45,290.85,2018,234,2018-08-20
27 agosto- 2 sept 2018,100.68,92.81,85.09,67.79,290.85,2018,235,2018-08-27
3-9 sept 2018,100.68,92.88,85.43,68.05,297.86,2018,236,2018-09-03
10-16 sept 2018,100.64,92.92,85.99,68.92,297.86,2018,237,2018-09-10
17-23 sept 2018,100.79,93.15,86.49,69.11,297.86,2018,238,2018-09-17
24-30 sept 2018,101.29,93.53,87.24,69.61,297.86,2018,239,2018-09-24
1-7 octubre 2018,101.89,93.87,87.81,69.95,308.69,2018,240,2018-10-01
8-14 octubre 2018,102.8,94.4,88.64,70.59,308.69,2018,241,2018-10-08
15-21 octubre 2018,103.48,94.78,89.48,71.31,308.69,2018,242,2018-10-15
22-28 octubre 2018,103.33,94.51,89.93,71.65,308.69,2018,243,2018-10-22
29 oct-4 nov 2018,103.03,94.13,90.16,71.88,308.69,2018,244,2018-10-29
5 al 11 nov 2018,101.82,93.03,90.01,71.76,308.69,2018,245,2018-11-05
12 al 18 nov 2018,98.83,90.2,88.95,70.7,308.69,2018,246,2018-11-12
19 al 25 nov 2018,96.74,88.04,87.62,69.38,308.69,2018,247,2018-11-19
26 nov-2 dic 2018,95.07,86.22,86.3,68.09,308.69,2018,248,2018-11-26
3 al 9 dic 2018,93.3,84.44,84.44,67.79,290.73,2018,249,2018-12-03
10 al 16 dic 2018,92.2,83.38,83.0,67.26,290.73,2018,250,2018-12-10
17 al 23 dic 2018,90.92,82.32,81.07,66.16,290.73,2018,251,2018-12-17
24 al 30 dic 2018,89.78,81.26,79.14,65.1,290.73,2018,252,2018-12-24
1 ene  6 Ene 2019,89.76,80.24,78.12,64.04,278.24,2019,253,2019-01-01
7 al 13 enero 2019,88.47,79.45,76.49,62.94,278.24,2019,301,2019-01-07
14 al 20 enero 2019,86.98,78.99,76.38,62.41,278.24,2019,302,2019-01-14
21 al 27 enero 2019,86.87,78.8,76.65,62.19,278.24,2019,303,2019-01-21
28 ene – 3 feb 2019,87.36,78.8,77.33,62.79,278.24,2019,304,2019-01-28
4 al 10 febrero 2019,87.93,79.33,78.31,63.74,278.24,2019,305,2019-02-04
11 al 17 febrero 2019,88.8,80.13,79.64,64.99,278.24,2019,306,2019-02-11
18 al 24 febrero 2019,89.44,80.66,80.2,65.4,278.24,2019,307,2019-02-18
25 feb al 3 mar 2019,90.04,81.23,80.81,65.4,278.24,2019,308,2019-02-25
4 al 10 marzo 2019,91.03,82.47,81.6,65.4,278.24,2019,309,2019-03-04
11 al 17 marzo 2019,92.28,83.8,82.21,65.9,278.24,2019,310,2019-03-11
18 al 24 marzo 2019,94.1,85.5,82.74,66.28,278.24,2019,311,2019-03-18
25 al 31 marzo 2019,96.02,86.9,83.08,66.43,278.24,2019,312,2019-03-25
1 al 7 abril 2019,97.62,87.81,83.08,66.43,278.24,2019,313,2019-04-01
8 al 14 de abril 2019,99.09,88.91,83.08,66.43,278.24,2019,314,2019-04-08
15 al 21 de abril 2019,100.34,90.2,83.19,66.5,278.24,2019,315,2019-04-15
22 al 28 de abril 2019,101.13,91.18,83.69,67.03,278.24,2019,316,2019-04-22
29 abril-5 mayo 2019,101.48,91.93,84.14,67.49,278.24,2019,317,2019-04-29
6 al 12 de mayo 2019,101.74,92.73,84.56,67.87,278.24,2019,318,2019-05-06
13-19 de mayo 2019,101.48,92.54,84.82,66.24,278.24,2019,319,2019-05-13
20-26 de mayo 2019,100.79,92.01,84.93,66.58,278.24,2019,320,2019-05-20
27 mayo-2 junio 2019,99.77,91.33,84.71,66.54,278.24,2019,321,2019-05-27
3 al 9 junio 2019,99.09,90.73,84.25,66.24,278.24,2019,322,2019-06-03
10 al 16 junio 2019,98.03,89.7,83.16,65.21,278.24,2019,323,2019-06-10
17 al 23 junio 2019,97.05,88.64,82.1,64.19,278.24,2019,324,2019-06-17
24 al 30 junio 2019,95.76,86.6,80.58,63.06,278.24,2019,325,2019-06-24
1 al 7 julio 2019,95.19,85.84,79.71,62.19,257.69,2019,326,2019-07-01
8 al 14 julio 2019,95.8,85.88,79.86,62.41,257.69,2019,327,2019-07-08
15 al 21 julio 2019,97.05,86.71,80.39,63.17,257.69,2019,328,2019-07-15
22 al 28 julio 2019,98.33,87.81,81.0,64.04,257.69,2019,329,2019-07-22
29 jul-4 agos 2019,98.86,88.38,81.34,64.61,257.69,2019,330,2019-07-29
5-11 de agosto 2019,98.71,88.15,81.15,64.61,257.69,2019,331,2019-08-05
12-18 de agosto 2019,97.54,87.28,80.7,64.04,257.69,2019,332,2019-08-12
19-25 de agosto 2019,95.68,86.0,80.05,63.06,257.69,2019,333,2019-08-19
26 ago-1 sept 2019,94.85,85.5,79.82,62.68,257.69,2019,334,2019-08-26
2 – 8 sept. 2019,93.94,84.97,79.41,62.07,257.69,2019,335,2019-09-02
9 – 15 sept. 2019,93.34,84.59,79.41,61.81,257.69,2019,336,2019-09-09
16 – 22 sept. 2019,93.83,85.28,80.17,62.3,257.69,2019,337,2019-09-16
23 – 29 sept. 2019,94.66,86.07,81.11,63.02,257.69,2019,338,2019-09-23
30 sept-6 oct 2019,95.53,86.56,81.87,63.63,257.69,2019,339,2019-09-30
7 al 13 de oct 2019,96.03,86.56,82.29,63.93,257.69,2019,340,2019-10-07
14 al 20 de oct 2019,96.37,86.26,82.4,64.04,257.69,2019,341,2019-10-14
21 al 27 de oct 2019,96.63,85.88,82.29,63.97,257.69,2019,342,2019-10-21
28 oct al 3 nov 2019,96.25,85.62,81.94,63.66,257.69,2019,343,2019-10-28
4 al 10 nov 2019,96.44,85.77,81.76,63.51,257.69,2019,344,2019-11-04
11 al 17 nov 2019,96.82,86.45,81.68,63.51,257.69,2019,345,2019-11-11
18 al 24 nov 2019,96.44,86.64,81.34,63.25,257.69,2019,346,2019-11-18
25 nov al 1 dic 2019,96.4,86.68,80.92,62.79,257.69,2019,347,2019-11-25
2 al 8 dic 2019,96.48,86.94,80.88,62.68,257.69,2019,348,2019-12-02
9 al 15 dic 2019,95.99,86.64,80.81,62.64,257.69,2019,349,2019-12-09
16 al 22 dic 2019,95.68,86.6,80.89,62.28,257.69,2019,350,2019-12-16
23 al 29 dic 2019,95.84,86.94,81.49,63.68,257.69,2019,351,2019-12-23
30 dic al 5 2020,96.18,87.47,82.13,64.04,257.69,2019,352,2019-12-30
6 al 12 enero 2020,96.55,87.55,82.51,64.5,257.69,2020,402,2020-01-06
13-19 enero 2020,97.31,88.23,83.12,65.18,257.69,2020,403,2020-01-13
20-26 enero 2020,97.43,88.31,82.66,64.91,257.69,2020,404,2020-01-20
27 ene-2 feb 2020,97.12,87.92,81.79,64.12,257.69,2020,405,2020-01-27
3-9 febrero 2020,95.61,86.45,79.83,62.04,241.49,2020,406,2020-02-03
10-16 feb 2020,93.87,85.09,77.52,59.46,241.49,2020,407,2020-02-10
17-23 feb 2020,93.19,84.29,75.93,57.65,241.49,2020,408,2020-02-17
24 feb-1 mar 2020,93.26,84.18,75.28,56.74,241.49,2020,409,2020-02-24
2-9 marzo 2020,93.15,84.22,74.41,55.6,241.49,2020,410,2020-03-02
9-15 marzo 2020,92.88,83.95,73.92,54.96,241.49,2020,411,2020-03-09
16-22 marzo 2020,90.54,81.38,71.91,52.5,241.49,2020,412,2020-03-16
23-29 marzo 2020,85.28,76.08,68.47,48.14,241.49,2020,413,2020-03-23
30 mar-5 abr 2020,78.39,69.23,65.18,43.26,241.49,2020,414,2020-03-30
6-12 de abril 2020,72.82,64.04,62.34,39.21,230.83,2020,415,2020-04-06
13-19 abril 2020,68.43,60.22,60.18,36.37,230.83,2020,416,2020-04-13
20-26 abril 2020,66.92,59.27,59.16,35.01,230.83,2020,417,2020-04-20
27 abril - 3 may 2020,66.62,59.54,57.99,34.37,230.83,2020,418,2020-04-27
4-10 de may 2020,67.22,60.26,55.68,32.7,230.83,2020,419,2020-05-04
11-17 mayo 2020,68.43,61.47,54.54,32.1,230.83,2020,420,2020-05-11
18-24 mayo 2020,69.83,62.53,53.9,32.13,230.83,2020,421,2020-05-18
25-31 mayo 2020,72.1,64.31,54.43,33.31,230.83,2020,422,2020-05-25
1-7 de junio 2020,73.84,65.82,55.9,35.09,230.83,2020,423,2020-06-01
8-14 junio 2020,75.85,67.86,57.64,37.32,230.83,2020,424,2020-06-08
15-21 junio 2020,77.59,69.42,59.31,39.1,230.83,2020,425,2020-06-15
22-28 junio 2020,78.73,71.27,60.75,40.57,230.83,2020,426,2020-06-22
29 jun-5 jul 2020,79.83,72.56,61.85,41.6,230.83,2020,427,2020-06-29
6-12 de jul 2020,79.89,73.62,62.94,42.51,234.3,2020,428,2020-07-06
13-19 de jul 2020,81.19,74.0,63.59,43.0,234.3,2020,429,2020-07-13
20-26 de jul 2020,81.6,74.34,64.16,43.53,234.3,2020,430,2020-07-20
27 jul-2 agos 2020,81.76,74.37,64.61,43.94,234.3,2020,431,2020-07-27
3-9 agosto 2020,81.68,74.6,65.1,44.55,234.3,2020,432,2020-08-03
10-16 agosto 2020,81.26,74.45,65.21,44.89,234.3,2020,433,2020-08-10
17-23 agosto 2020,81.04,74.49,65.18,45.08,234.3,2020,434,2020-08-17
24-30 agosto 2020,81.3,74.98,65.22,45.19,234.3,2020,435,2020-08-24
31 agos -6 de sept 2020,81.87,75.59,65.06,45.19,234.3,2020,436,2020-08-31
7-13 de sept 2020,82.4,76.0,64.69,44.97,234.3,2020,437,2020-09-07
14-20 sept 2020,82.36,75.74,64.04,44.36,234.3,2020,438,2020-09-14
21-27 sept 2020,82.25,75.55,63.17,43.6,234.3,2020,439,2020-09-21
27 sep -4 Oct. 2020,81.98,75.09,62.34,42.73,234.3,2020,440,2020-09-27
4-11 de Oct. 2020,81.64,74.75,61.54,41.98,234.3,2020,441,2020-10-04
12-18 Oct. 2020,81.72,74.83,61.47,41.9,234.3,2020,442,2020-10-12
19-25 Oct. 2020,81.98,75.25,61.88,42.39,234.3,2020,443,2020-10-19
26 oct -1 Nov 2020,81.42,74.79,61.88,42.66,234.3,2020,444,2020-10-26
02-08 Nov 2020,80.58,74.07,61.88,42.77,234.3,2020,445,2020-11-02
9-15 Nov 2020,79.71,73.43,61.88,42.77,234.3,2020,446,2020-11-09
16-22 Nov 2020,79.18,73.01,62.11,42.92,234.3,2020,447,2020-11-16
23-29 Nov 2020,78.84,72.78,62.38,42.96,234.3,2020,448,2020-11-23
30 nov al 6 Dic 2020,79.18,73.05,63.17,43.6,236.31,2020,449,2020-11-30
7 al 13 Dic 2020,79.98,73.81,64.27,44.66,238.13,2020,450,2020-12-07
14 al 20 Dic 2020,81.11,74.79,65.59,45.99,238.13,2020,451,2020-12-14
21 al 27 Dic 2020,82.21,75.59,66.77,47.2,238.13,2020,452,2020-12-21
28  dic al 3  2021,83.34,76.53,67.86,48.33,238.13,2020,453,2020-12-28
4 al 10 enero 21,84.06,77.36,68.47,48.94,250.68,2021,502,2021-01-04
11 al 17 enero 21,84.63,77.97,68.66,49.05,238.13,2021,503,2021-01-11
18 al 24 enero 21,86.22,79.6,69.68,50.0,238.13,2021,504,2021-01-18
25 ene al 31 enero 21,86.9,80.51,70.14,50.34,238.13,2021,505,2021-01-25
1 al 7 de feb 21,88.08,81.76,70.74,50.68,238.13,2021,506,2021-02-01
8 al 14 de feb 21,89.25,83.04,71.69,51.36,238.13,2021,507,2021-02-08
15 al 21 de feb 21,90.16,83.88,72.71,52.19,238.13,2021,508,2021-02-15
22 al 28 de feb 21,91.29,84.94,73.69,53.07,238.13,2021,509,2021-02-22
1 al 7 de marzo,93.07,86.75,75.32,54.54,238.13,2021,510,2021-03-01
8 al 14 de mar 21,94.7,88.34,76.65,55.8,238.13,2021,511,2021-03-08
15 al 21 de marzo,96.59,90.08,78.05,56.93,238.13,2021,512,2021-03-15
22 al 28 de marzo,98.14,91.79,78.96,57.57,238.13,2021,513,2021-03-22
29 marzo al 4 de abril 21,97.96,91.56,78.61,57.08,238.13,2021,514,2021-03-29
5 al 11 de abril 21,98.07,91.52,78.16,56.62,238.13,2021,515,2021-04-05
12 al 18 de abril,97.92,91.29,77.59,56.21,238.13,2021,516,2021-04-12
19 al 25 de abril,97.35,90.73,76.95,55.71,238.13,2021,517,2021-04-19
26 abril al 2 de Mayo,97.58,90.76,77.02,55.87,238.13,2021,518,2021-04-26
3 al 9 de Mayo 21,97.99,91.03,77.59,56.4,238.13,2021,519,2021-05-03
10 al 16 de mayo,98.52,91.6,78.58,57.15,238.13,2021,520,2021-05-10
17 al 23 de mayo,99.28,92.28,79.83,58.02,238.13,2021,521,2021-05-17
24 al 30 de mayo,99.81,92.35,80.66,58.33,238.13,2021,522,2021-05-24
30 may al 6 de junio,100.34,92.81,81.57,58.86,238.13,2021,523,2021-05-30
7 al 13 de junio,100.49,92.85,82.06,59.16,238.13,2021,524,2021-06-07
14 al 22 de jun 21,100.91,93.0,82.7,59.58,238.13,2021,525,2021-06-14
21 al 27 de jun 21,100.76,92.96,82.78,59.84,238.13,2021,526,2021-06-21
28 jun al 4 de julio 21,101.4,93.6,83.31,60.64,238.13,2021,527,2021-06-28
5 al 11 de julio 21,102.23,94.21,83.76,61.28,238.13,2021,528,2021-07-05
12 al 18 de julio,102.35,94.21,83.53,61.39,238.13,2021,529,2021-07-12
19 al 25 de julio,103.1,94.74,83.65,61.81,238.13,2021,530,2021-07-19
26 julio al 1 de agosto,103.14,94.55,83.16,61.35,238.13,2021,531,2021-07-26
1 al 8 de agosto,103.63,94.93,83.23,61.51,238.13,2021,532,2021-08-01
9 al 15 de agosto,103.71,95.08,83.08,61.24,238.13,2021,533,2021-08-09
16 al 22 de ago,103.59,95.15,82.66,60.67,238.13,2021,534,2021-08-16
23 al 29 de ago,103.33,95.19,82.44,60.37,238.13,2021,535,2021-08-23
30 ago al 5 de sep,102.95,95.19,82.13,60.11,238.13,2021,536,2021-08-30
6 al 12 de sep 21,103.33,95.72,82.44,60.45,238.13,2021,537,2021-09-06
13 al 19 de sep 21,103.44,95.99,82.89,60.98,238.13,2021,538,2021-09-13
20 al 26 de sep 21,103.63,96.37,83.46,61.85,238.13,2021,539,2021-09-20
27 sep al 3 de oct 21,104.43,97.24,84.71,63.36,238.13,2021,540,2021-09-27
4 al 10 de oct 21,104.69,97.46,85.96,64.76,238.13,2021,541,2021-10-04
11 al 17 de oct 21,105.53,98.22,87.55,66.5,238.13,2021,542,2021-10-11
25 al 31 de oct,105.53,98.22,87.55,68.51,238.13,2021,543,2021-10-25
1 al 7 de nov 21,105.53,98.22,87.55,71.65,238.13,2021,544,2021-11-01
8 al 14 nov 21,105.53,98.22,87.55,72.14,238.13,2021,545,2021-11-08
15 al 21  nov 21,105.53,98.22,87.55,72.17,238.13,2021,546,2021-11-15
22 al 28 nov 21,105.53,98.22,87.55,71.57,238.13,2021,547,2021-11-22
29 nov al 5 dic 21,105.53,98.22,87.55,70.93,238.13,2021,548,2021-11-29
6 al 12 dic 21,105.53,98.22,87.55,69.3,238.13,2021,549,2021-12-06
13 al 19 dic 21,105.53,98.22,87.55,68.21,238.13,2021,550,2021-12-13
20 al 26 dic 21,105.41,97.92,87.4,67.37,238.13,2021,551,2021-12-20
27 dic   21,105.07,97.88,87.4,67.41,238.13,2021,552,2021-12-27
3 al 9 de enero 22,105.22,98.18,87.81,67.83,238.13,2022,602,2022-01-03
10-16 de ene 22,105.22,98.18,87.81,69.57,238.13,2022,603,2022-01-10
17-23 de ene 22,105.22,98.18,87.81,71.42,238.13,2022,604,2022-01-17
24-26 de ene 22,105.22,98.18,87.81,73.28,238.13,2022,605,2022-01-24
27 ene -30 de feb 22,109.92,102.88,93.41,73.28,313.35,2022,606,2022-01-27
31-6 de feb 22,111.92,104.73,95.76,75.47,313.35,2022,607,2022-01-31
7-13 feb 22,113.92,106.55,98.11,77.66,238.13,2022,608,2022-02-07
14-20 feb 22,106.43,98.9,90.46,79.97,238.13,2022,609,2022-02-14
21-27 feb 22,108.29,100.75,92.13,81.3,238.13,2022,610,2022-02-21
28 feb-6mar 22,109.51,101.94,93.0,82.06,238.13,2022,611,2022-02-28
7-13 marzo 22,111.89,104.32,96.3,85.02,238.13,2022,612,2022-03-07
14-20 marzo 22,114.57,107.04,98.97,89.21,238.13,2022,613,2022-03-14
21-27 marzo 22,116.78,108.93,101.86,91.79,238.13,2022,614,2022-03-21
28 mar-3 abril,119.65,111.51,106.29,97.73,238.13,2022,615,2022-03-28
4-10 abril 2022,121.46,113.09,110.38,102.92,238.13,2022,616,2022-04-04
11-17 abril 2022,120.02,111.25,111.87,103.8,238.13,2022,617,2022-04-11
18-24 abril 2022,120.69,111.41,113.91,107.35,238.13,2022,618,2022-04-18
25 abril -1 may 2022,121.32,111.72,116.16,110.89,238.13,2022,619,2022-04-25
2-8 de mayo 2022,121.53,111.37,118.27,112.14,238.13,2022,620,2022-05-02
9-15 mayo 2022,124.03,112.74,121.64,115.96,238.13,2022,621,2022-05-09
16-22 mayo 2022,128.19,115.88,124.43,118.98,238.13,2022,622,2022-05-16
23-29 mayo 2022,131.85,118.12,125.09,117.86,238.13,2022,623,2022-05-23
30 mayo-5 junio,135.56,120.57,124.02,115.99,238.13,2022,624,2022-05-30
6 al 12 de junio,138.96,123.27,122.35,114.0,238.13,2022,625,2022-06-06
19 al 19 de junio,142.76,126.11,122.74,113.33,238.13,2022,626,2022-06-19
20 al 26 de junio,145.0,126.39,124.5,115.03,238.13,2022,627,2022-06-20
27 jun-3 de julio,145.94,126.39,124.5,117.85,238.13,2022,628,2022-06-27
04-10 de julio,146.57,126.39,124.5,119.86,238.13,2022,629,2022-07-04
11-17 de julio,143.79,123.9,124.5,118.23,238.13,2022,630,2022-07-11
18-24 de julio,138.14,119.11,124.5,115.07,238.13,2022,631,2022-07-18
25-31 de julio,132.51,115.63,122.42,110.59,238.13,2022,632,2022-07-25
1-7 de agosto,127.49,112.43,118.32,106.59,238.13,2022,633,2022-08-01
8-14 de agosto,121.82,109.05,115.41,103.77,238.13,2022,634,2022-08-08
15-21 de agosto,118.24,107.07,113.11,101.59,238.13,2022,635,2022-08-15
22-28 de agosto,116.07,105.93,111.92,100.24,238.13,2022,636,2022-08-22
29 agosto  4 sept,114.51,104.73,113.06,100.92,238.13,2022,637,2022-08-29
5 al 11 septiembre,112.95,102.46,113.91,101.2,238.13,2022,638,2022-09-05
12-18 septiembre,112.45,101.35,115.02,101.91,238.13,2022,639,2022-09-12
19  25 septiembre,111.88,100.24,115.41,102.05,238.13,2022,640,2022-09-19
26 sept  2 Oct,111.49,99.81,113.84,101.01,238.13,2022,641,2022-09-26
3 al 9 de octubre,110.73,99.23,110.58,99.53,238.13,2022,642,2022-10-03
10-16 de octubre,112.68,101.35,110.94,100.58,238.13,2022,643,2022-10-10
17-23 de octubre,114.84,103.65,114.06,102.81,238.13,2022,644,2022-10-17
24-30 de octubre,116.67,104.8,115.89,105.09,238.13,2022,645,2022-10-24
31oct  06 de nov.,118.77,106.4,118.19,106.42,238.13,2022,646,2022-10-31
7-13 noviembre,119.48,106.8,120.25,106.46,238.13,2022,647,2022-11-07
14-20 noviembre,118.87,105.37,120.36,104.14,238.13,2022,648,2022-11-14
21-27 noviembre,116.9,103.29,116.3,101.63,238.13,2022,649,2022-11-21
28 Nov al 4 Dic,114.49,101.64,114.14,99.95,238.13,2022,650,2022-11-28
5 al 11 diciembre,111.3,99.05,110.88,97.11,238.13,2022,651,2022-12-05
12 al 18 diciembre,107.17,95.93,105.23,92.72,238.13,2022,652,2022-12-12
19 al 25 diciembre,103.39,93.47,101.83,90.79,238.13,2022,653,2022-12-19
26 diciembre 1,101.35,92.37,99.47,88.98,238.13,2022,654,2022-12-26
2 al 8 enero 2023,101.63,92.75,100.03,90.56,238.13,2023,701,2023-01-02
9 al 15 enero 2023,102.25,92.96,100.13,92.12,238.13,2023,702,2023-01-09
16-22 enero 2023,103.89,93.75,102.27,96.86,238.13,2023,703,2023-01-16
23-29 enero 2023,106.08,95.35,103.23,100.03,238.13,2023,704,2023-01-23
30 enero -05 febrero 2023,109.24,97.91,105.3,104.89,238.13,2023,705,2023-01-30
06-12 febrero 2023,109.96,98.11,103.46,103.57,238.13,2023,706,2023-02-06
13-19 febrero 2023,110.79,98.97,102.04,101.12,238.13,2023,707,2023-02-13
20-27 febrero 2023,111.16,99.42,100.01,96.58,238.13,2023,708,2023-02-20
27 feb 5 marzo,109.9,98.12,97.11,92.26,238.13,2023,709,2023-02-27
6-12 marzo 2023,108.74,96.99,94.98,88.57,238.13,2023,710,2023-03-06
13-19 marzo 2023,109.05,97.39,94.67,89.02,238.13,2023,711,2023-03-13
20-26 marzo 2023,108.12,96.77,93.98,87.57,238.13,2023,712,2023-03-20
27 mar 02 abril,107.32,96.34,93.12,86.31,238.13,2023,713,2023-03-27
3 al 9 de abril 2023,107.63,96.94,92.47,84.35,238.13,2023,714,2023-04-03
10-16 de abril 2023,108.11,97.05,91.32,82.2,238.13,2023,715,2023-04-10
17-23 de abril 2023,109.41,97.08,90.87,81.04,238.13,2023,716,2023-04-17
24-30 de abril 2023,110.65,96.78,90.12,80.02,238.13,2023,717,2023-04-24
1-7 de mayo 2023,110.4,95.31,88.5,78.13,238.13,2023,718,2023-05-01
8-14 de mayo 2023,108.89,93.69,86.52,75.64,238.13,2023,719,2023-05-08
15-21 mayo 2023,107.11,92.7,85.35,74.42,238.13,2023,720,2023-05-15
22-28 mayo 2023,104.72,91.54,83.77,73.04,238.13,2023,721,2023-05-22
29 mayo/04 junio,104.26,92.27,83.12,72.61,238.13,2023,722,2023-05-29
5-11 de junio 2023,104.45,92.58,82.97,72.6,238.13,2023,723,2023-06-05
12-18 junio 2023,105.41,93.52,83.43,73.47,238.13,2023,724,2023-06-12
26 jun 02 jul,105.95,93.27,83.99,73.99,238.13,2023,725,2023-06-26
3-9 de julio 2023,105.66,92.07,84.22,74.22,238.13,2023,726,2023-07-03
10-16 julio 2023,105.99,92.0,84.86,74.81,238.13,2023,727,2023-07-10
17-23 julio 2023,106.69,92.05,86.0,75.58,238.13,2023,728,2023-07-17
24-30 julio 2023,107.91,93.23,87.45,76.99,238.13,2023,729,2023-07-24
31-6 agosto 2023,110.39,95.77,89.3,79.14,238.13,2023,730,2023-07-31
7-13 agosto 2023,113.13,98.58,92.62,82.7,238.13,2023,731,2023-08-07
14-20 agosto 2023,115.71,99.94,94.28,86.2,238.13,2023,732,2023-08-14
21-27 agosto 2023,118.33,101.98,96.65,89.64,238.13,2023,733,2023-08-21
28-3 sept 2023,119.54,103.56,99.11,92.65,238.13,2023,734,2023-08-28
4-10 sept 2023,120.29,104.72,101.22,94.43,238.13,2023,735,2023-09-04
11-17 sept 2023,120.69,105.65,102.66,94.99,238.13,2023,736,2023-09-11
18-24 sept 2023,120.78,106.29,104.07,95.96,238.13,2023,737,2023-09-18
25 sept-1 oct 2023,120.29,106.61,105.34,96.38,238.13,2023,738,2023-09-25
2-8 oct 2023,119.45,106.63,106.27,96.26,238.13,2023,739,2023-10-02
9-15 oct 2023,117.48,104.28,106.75,95.72,238.13,2023,740,2023-10-09
16-22 oct 2023,114.19,100.68,105.69,94.34,238.13,2023,741,2023-10-16
23-29 oct 2023,111.22,97.59,104.56,92.96,238.13,2023,742,2023-10-23
30 oct 5 de nov,108.15,94.98,102.95,91.58,238.13,2023,743,2023-10-30
6 al 12 de nov,105.39,92.97,100.96,90.74,238.13,2023,744,2023-11-06
13 al 19 de nov,103.96,92.65,99.8,90.8,238.13,2023,745,2023-11-13
20 al 26 de nov,102.95,92.27,97.5,90.36,238.13,2023,746,2023-11-20
27 nov 3 dic,102.12,91.36,95.72,89.35,238.13,2023,747,2023-11-27
4 al 10 diciembre,102.04,91.44,94.42,88.46,238.13,2023,748,2023-12-04
11 al 17 diciembre,101.37,90.85,91.87,85.77,238.13,2023,749,2023-12-11
18 al 24 diciembre,100.34,89.94,90.02,83.31,238.13,2023,750,2023-12-18
25 al 31 diciembre,100.54,90.17,89.39,81.89,238.13,2023,751,2023-12-25
1 al 7 enero,100.42,89.76,88.71,80.99,238.13,2024,801,2024-01-01
8 al 14 enero,100.2,88.98,87.96,80.11,238.13,2024,802,2024-01-08
15-21 enero,100.91,89.06,88.67,81.94,238.13,2024,803,2024-01-15
22-28 enero,102.4,89.5,89.69,82.1,238.13,2024,804,2024-01-22
29 ene-4 feb,103.16,89.64,90.1,82.59,238.13,2024,805,2024-01-29
5 al 11 febrero,104.22,90.66,91.44,84.16,238.13,2024,806,2024-02-05
12 al 18 febrero,105.33,91.84,92.95,85.59,238.13,2024,807,2024-02-12
19 al 25 febrero,107.02,93.7,94.74,86.78,238.13,2024,808,2024-02-19
26 feb - 3 mar,107.86,94.32,95.03,87.21,238.13,2024,809,2024-02-26
4 al 10 mar,108.56,94.88,95.13,86.7,238.13,2024,810,2024-03-04
11 al 17 mar,109.45,95.53,94.87,86.35,238.13,2024,811,2024-03-11
18 al 24 mar,110.26,96.0,93.76,85.54,238.13,2024,812,2024-03-18
25 al 31 mar,111.24,96.52,93.36,85.25,238.13,2024,813,2024-03-25
1 al 7 abril 2024,111.9,97.03,93.14,85.15,238.13,2024,814,2024-04-01
8 al 14 abril,112.48,97.39,93.56,85.98,238.13,2024,815,2024-04-08
15  21 abril,113.53,97.91,93.84,86.51,238.13,2024,816,2024-04-15
22  28 abril,113.26,98.04,93.22,86.2,238.13,2024,817,2024-04-22
29abril-5mayo,112.59,97.14,92.32,85.45,238.13,2024,818,2024-04-29
6 al 12 mayo,112.15,96.6,91.26,84.4,238.13,2024,819,2024-05-06
13-19 mayo,110.65,95.67,89.53,82.42,238.13,2024,820,2024-05-13
20-26 mayo,109.33,94.75,88.4,80.8,238.13,2024,821,2024-05-20
27may-2jun,108.49,94.35,87.88,80.18,238.13,2024,822,2024-05-27
3-9 junio 2024,107.31,93.54,87.5,79.72,238.13,2024,823,2024-06-03
10-16 junio 2024,106.27,92.69,87.15,79.24,238.13,2024,824,2024-06-10
17-23 junio 2024,105.52,91.76,87.05,79.28,238.13,2024,825,2024-06-17
24-30 junio 2024,105.26,91.29,87.59,79.88,238.13,2024,826,2024-06-24
1-7 julio 2024,105.43,91.45,88.47,80.75,238.13,2024,827,2024-07-01
8-14 julio 2024,106.09,92.08,89.31,81.67,238.13,2024,828,2024-07-08
15-21 julio 2024,106.73,92.35,89.73,82.51,238.13,2024,829,2024-07-15
22-28 julio 2024,107.55,92.93,90.21,83.05,238.13,2024,830,2024-07-22
29 jul-4agos,107.63,93.48,90.13,82.41,238.13,2024,831,2024-07-29
5 al 11 agos,107.41,93.85,88.93,81.0,238.13,2024,832,2024-08-05
12-18 agos 2024,106.66,93.35,87.12,78.88,238.13,2024,833,2024-08-12
19-25 agos 2024,106.31,93.39,86.09,77.44,238.13,2024,834,2024-08-19
26 agos-1 sept,105.12,92.88,85.03,75.78,238.13,2024,835,2024-08-26
2-8 de sept,103.86,92.33,84.43,74.68,238.13,2024,836,2024-09-02
9-15 septiembre,102.14,91.21,83.79,73.81,238.13,2024,837,2024-09-09
16-22 sept,99.54,89.72,82.58,72.28,238.13,2024,838,2024-09-16
23-29 sept,97.92,88.72,81.43,70.93,238.13,2024,839,2024-09-23
30 sep-06oct,97.04,88.16,80.62,70.28,238.13,2024,840,2024-09-30
7 al 13 octubre,96.55,88.0,80.19,69.86,238.13,2024,841,2024-10-07
14 al 20 octubre,98.06,89.45,81.56,71.22,238.13,2024,842,2024-10-14
21 al 27 octubre,99.11,90.32,82.41,72.23,238.13,2024,843,2024-10-21
28 oct - 3 nov,99.02,90.18,82.58,72.37,238.13,2024,844,2024-10-28
4 al 10 noviembre,99.08,90.2,82.81,72.49,238.13,2024,845,2024-11-04
11-17 noviembre,98.71,89.78,82.55,72.29,238.13,2024,846,2024-11-11
18-24 noviembre,97.92,88.96,82.1,71.71,238.13,2024,847,2024-11-18
25 Nov al 1 diciembre,98.02,89.04,82.59,72.06,238.13,2024,848,2024-11-25
02 al 08 diciembre,98.32,89.32,83.13,72.65,238.13,2024,849,2024-12-02
09 al 15 diciembre,98.49,89.44,83.22,72.84,238.13,2024,850,2024-12-09
16 al 22 diciembre,98.2,89.69,82.55,72.62,238.13,2024,851,2024-12-16
23 al 29 diciembre,98.83,90.25,83.29,73.67,238.13,2024,852,2024-12-23
30 dic-05 ene 2025,99.08,90.47,83.33,73.99,238.13,2024,853,2025-12-30
6-12 Enero,99.68,91.02,83.73,74.73,238.13,2025,901,2025-01-06
13-19 Ene,100.91,92.69,84.93,76.25,238.13,2025,902,2025-01-13
20-26 Ene,102.13,93.21,85.84,77.73,238.13,2025,903,2025-01-20
27 Enero - 2 feb,102.95,94.16,86.85,78.72,238.13,2025,904,2025-01-27
3-9 febrero,103.43,94.8,87.82,79.48,238.13,2025,905,2025-02-03
10-16 feb,103.82,95.29,88.55,79.76,238.13,2025,906,2025-02-10
17-23 feb,104.18,95.71,89.08,79.77,238.13,2025,907,2025-02-17
24 feb -2 mar,104.1,96.04,88.97,79.09,238.13,2025,908,2025-02-24
3-9 mar,103.64,95.56,88.37,78.17,238.13,2025,909,2025-03-03
10-16 mar,102.96,94.87,87.54,77.08,238.13,2025,910,2025-03-10
17-23 mar,101.8,93.91,86.26,75.6,238.13,2025,911,2025-03-17
24-30 mar,101.24,93.19,84.97,74.42,238.13,2025,912,2025-03-24
31 mar -6 abr,101.27,92.93,84.27,74.14,238.13,2025,913,2025-03-31
7-13 abril,102.51,93.91,84.41,74.86,238.13,2025,914,2025-04-07
14-20 abril,102.52,93.54,83.87,74.59,238.13,2025,915,2025-04-14
21-27 abril,102.02,92.78,83.28,74.28,238.13,2025,916,2025-04-21
28 abril  -4 mayo,101.63,92.42,82.72,73.73,238.13,2025,917,2025-04-28
5-11 mayo,100.59,91.45,81.59,72.43,238.13,2025,918,2025-05-05
12-18 mayo,99.79,90.76,80.34,70.84,238.13,2025,919,2025-05-12
19-25 mayo,100.58,91.87,80.85,71.04,238.13,2025,920,2025-05-19
26 mayo -1 junio,101.03,92.22,80.95,70.91,238.13,2025,921,2025-05-26
2-8 junio,101.2,92.56,80.94,70.69,238.13,2025,922,2025-06-02
9-15 junio,101.53,92.97,81.39,70.99,238.13,2025,923,2025-06-09
16-22 junio,101.9,93.35,81.84,71.58,238.13,2025,924,2025-06-16
23-29 junio,102.63,93.85,82.82,72.87,238.13,2025,925,2025-06-23
30 junio -6 julio,103.13,94.32,84.27,74.53,238.13,2025,926,2025-06-30
7-13 julio,103.8,94.9,86.04,76.13,238.13,2025,927,2025-07-07
14-20 julio,104.43,95.53,87.72,77.31,238.13,2025,928,2025-07-14
21-27 julio,104.46,95.87,89.21,78.33,238.13,2025,929,2025-07-21
28 julio -3 agos,103.52,95.31,90.52,77.72,238.13,2025,930,2025-07-28
4-10 agos,103.75,95.59,91.17,78.0,238.13,2025,931,2025-08-04
11-17 agos,102.74,94.75,89.83,76.78,238.13,2025,932,2025-08-11
18-24 de agosto,102.79,94.94,89.43,76.33,238.13,2025,933,2025-08-18
25-31 agos,102.6,94.88,88.18,75.24,238.13,2025,934,2025-08-25
1-7 sep,103.5,95.89,87.87,75.17,238.13,2025,935,2025-09-01
8-14 sep,103.78,96.27,87.59,75.06,238.13,2025,936,2025-09-08
15-21 sep,104.19,96.6,87.59,75.28,238.13,2025,937,2025-09-15
22-28 sep,105.06,97.39,88.43,76.27,238.13,2025,938,2025-09-22
29 sep -5 oct,105.3,97.43,88.91,76.92,238.13,2025,939,2025-09-29
6-12 oct,104.6,96.51,88.87,77.26,238.13,2025,940,2025-10-06
13-19 oct,104.2,96.16,88.76,77.66,238.13,2025,941,2025-10-13
20-26 oct,103.18,95.27,88.18,77.67,238.13,2025,942,2025-10-20
27 oct -2 nov,102.34,94.58,87.7,77.72,238.13,2025,943,2025-10-27
3-9 nov,101.36,94.01,87.67,78.0,238.13,2025,944,2025-11-03
10-16 nov,101.16,94.09,88.26,78.47,238.13,2025,945,2025-11-10
17-23 nov,102.1,94.81,88.94,79.2,238.13,2025,946,2025-11-17
24-30 nov,103.21,95.68,90.38,80.58,238.13,2025,947,2025-11-24
1-7 dic,103.33,95.57,91.13,80.33,238.13,2025,948,2025-12-01
8-14 dic,103.43,95.13,91.22,79.44,238.13,2025,949,2025-12-08
15-21 dic,102.18,93.61,89.84,78.07,238.13,2025,950,2025-12-15
22-28 dic,100.34,91.73,87.62,76.08,238.13,2025,951,2025-12-22
29 dic,99.33,90.55,85.48,74.46,238.13,2025,952,2025-12-29
5-11 enero,99.05,90.14,84.36,73.44,238.13,2026,1001,2026-01-05
12-18 ene,98.25,89.53,83.48,72.57,238.13,2026,1002,2026-01-12
19-25 ene,98.67,89.79,83.45,72.78,238.13,2026,1003,2026-01-19
26-1 feb,99.64,90.53,84.38,73.81,238.13,2026,1004,2026-01-26
2-8 feb,100.62,91.03,85.23,75.7,238.13,2026,1005,2026-02-02
9-15 feb,102.34,92.16,86.6,78.21,238.13,2026,1006,2026-02-09
16-22 feb,104.36,93.63,88.09,80.42,238.13,2026,1007,2026-02-16
23-1 mar,105.12,94.82,89.13,81.58,238.13,2026,1008,2026-02-23
2-8 mar,106.46,96.11,90.59,82.82,238.13,2026,1009,2026-03-02
9-15 mar,109.32,98.25,88.92,93.9,238.13,2026,1010,2026-03-09
16-22 mar,113.54,101.37,99.7,99.08,238.13,2026,1011,2026-03-16
23-29 mar,120.68,106.35,108.26,111.85,238.13,2026,1012,2026-03-23
30-5 abril,127.48,112.07,118.09,125.67,238.13,2026,1013,2026-03-30
6-12 abril,134.07,118.09,128.42,138.98,238.13,2026,1014,2026-04-06
13-19 abril,137.04,122.55,135.63,142.66,238.13,2026,1015,2026-04-13
20-26 abril,138.33,125.61,140.09,144.33,238.13,2026,1016,2026-04-20
27-3 mayo,138.75,127.37,141.28,142.22,238.13,2026,1017,2026-04-27
4-10 mayo,140.85,129.32,141.67,139.7,245.61,2026,1018,2026-05-04
11-17 mayo,142.11,130.82,138.89,133.69,245.61,2026,1019,2026-05-11
18-24 mayo,144.94,132.73,138.53,130.6,245.61,2026,1020,2026-05-18
25-31 mayo,147.03,134.63,138.92,128.76,245.61,2026,1021,2026-05-25
1-7 junio,145.61,134.85,137.28,124.21,249.62,2026,1022,2026-06-01
8-14 junio,141.98,131.4,134.17,120.07,249.62,2026,1023,2026-06-08
15-21 junio,139.53,129.13,131.82,117.62,249.62,2026,1024,2026-06-15
22-28 junio,135.22,125.03,127.05,111.99,249.62,2026,1025,2026-06-22
29-5 julio,132.3,122.35,123.22,107.75,249.62,2026,1026,2026-06-29
6-12 julio,131.39,121.75,120.75,104.62,249.62,2026,1027,2026-07-06
13-19 julio,131.15,121.7,119.53,102.37,249.62,2026,1028,2026-07-13
20-26 julio,131.84,122.03,120.59,103.66,249.62,2026,1029,2026-07-20
27-2 agosto,135.16,123.73,124.26,109.39,249.62,2026,1030,2026-07-27
3-9 agosto,138.41,126.07,129.45,115.66,249.62,2026,1031,2026-08-03
10-16 agosto,138.83,127.42,134.25,119.97,249.62,2026,1032,2026-08-10
