reservoir_seed,window_start,mase_esn,mase_static,diff_static_minus_esn,esn_wins
11,0,0.3820230840575031,1.0496874938947394,0.6676644098372362,True
11,189,0.021755199277186294,0.23724786383923094,0.21549266456204463,True
11,379,0.07080693398972122,0.3696018742816807,0.29879494029195947,True
11,568,0.4364662346258545,0.2756529878977305,-0.16081324672812397,False
11,758,0.8309134024176317,0.8129229159646475,-0.017990486452984178,False
11,947,0.23617023952823785,0.9808993577737068,0.744729118245469,True
11,1137,0.2719402461597326,0.5347089505479754,0.2627687043882428,True
11,1326,0.15118558137156324,0.43805991744838896,0.2868743360768257,True
11,1516,0.18921222765438642,0.0923211193457479,-0.09689110830863852,False
11,1705,0.2707177004424065,0.05653982827418057,-0.21417787216822592,False
11,1895,0.23588000262568024,0.23795433115030523,0.0020743285246249965,True
11,2084,0.5021773665709401,1.1288052663377577,0.6266278997668175,True
11,2274,0.08455442311447892,0.06319304939976032,-0.021361373714718593,False
11,2463,0.13501933184304643,0.16838385171484616,0.033364519871799725,True
11,2653,0.2982607328285884,0.517346409811642,0.21908567698305365,True
11,2842,0.3878538199227682,0.37194178246932325,-0.015912037453444938,False
11,3032,0.7907541163449205,1.0284123440282191,0.23765822768329858,True
11,3221,0.6927256445418376,1.7822266208721134,1.0895009763302759,True
11,3411,0.17752503453409435,0.16114300006662532,-0.016382034467469025,False
11,3600,0.1548633099040804,0.5245116428772566,0.36964833297317623,True
11,3790,1.9196189104933534,1.5568296859038993,-0.3627892245894542,False
11,3979,0.3504678790753301,0.34200749912650685,-0.00846037994882326,False
11,4169,0.3010462008106316,0.5297660175336383,0.22871981672300667,True
11,4358,0.058561230026649265,0.3543012039662093,0.29573997393956003,True
11,4548,0.06695094631176611,0.49463771077683105,0.42768676446506493,True
11,4737,0.8564458781187861,0.4674446667866404,-0.38900121133214577,False
11,4927,0.24999344325837414,0.253166381382406,0.0031729381240318544,True
11,5116,0.19429211583940056,0.2624876050697412,0.06819548923034066,True
11,5306,0.5480371850841258,1.655011729503058,1.1069745444189323,True
11,5496,0.01608562067583382,0.4016835931742966,0.3855979724984628,True
22,0,0.6374271709309172,0.9733877877991004,0.33596061686818324,True
22,189,0.19101628927810663,0.3050754183039409,0.11405912902583429,True
22,379,0.3543565170717232,0.40430476442535024,0.04994824735362702,True
22,568,0.434330743700507,0.1757226875598419,-0.25860805614066507,False
22,758,0.6417954993850667,0.7433466402260737,0.10155114084100691,True
22,947,0.637370056305205,0.5888087476633282,-0.0485613086418768,False
22,1137,0.01158588203290911,0.457070837400438,0.4454849553675289,True
22,1326,0.12073210867871242,0.43686522925525006,0.31613312057653764,True
22,1516,0.039431447155152184,0.011758706928709495,-0.02767274022644269,False
22,1705,0.0004256305932878052,0.01327203139855314,0.012846400805265334,True
22,1895,0.23861500100793206,0.22456538365150536,-0.014049617356426708,False
22,2084,0.6461219142883585,1.103304628070463,0.4571827137821045,True
22,2274,0.056747137141541074,0.13694730227354723,0.08020016513200616,True
22,2463,0.08568872766934818,0.01909834917687711,-0.06659037849247107,False
22,2653,0.36314086446232663,0.7427638708186585,0.37962300635633184,True
22,2842,0.5145728604304265,0.44209698767445865,-0.07247587275596784,False
22,3032,0.8042718730375529,1.1845529073240695,0.3802810342865166,True
22,3221,0.9566980372117218,1.8599309219766673,0.9032328847649456,True
22,3411,0.292824896312123,0.23307992482436876,-0.059744971487754234,False
22,3600,0.20963577510558384,0.45990726547261174,0.2502714903670279,True
22,3790,1.0361627071213781,1.492569578542654,0.4564068714212759,True
22,3979,0.07395869463886845,0.41068306508392516,0.3367243704450567,True
22,4169,0.19398716981499442,0.47800345349567996,0.28401628368068554,True
22,4358,0.10286682109909996,0.48013854413482693,0.377271723035727,True
22,4548,0.14431633615787423,0.31013761655485,0.16582128039697577,True
22,4737,0.6741617831846793,0.4060298189475908,-0.2681319642370885,False
22,4927,0.18992639373103784,0.05629912765156534,-0.1336272660794725,False
22,5116,0.47515960362883536,0.2390353299516198,-0.23612427367721556,False
22,5306,0.21638478418240661,1.2671190855939365,1.0507343014115298,True
22,5496,0.0582566236100737,0.35665887607737207,0.29840225246729835,True
33,0,0.2854802765699854,1.0221392723328708,0.7366589957628854,True
33,189,0.05417989134149924,0.20481665405159083,0.15063676271009158,True
33,379,0.6327728605051297,0.37523200766445014,-0.25754085284067957,False
33,568,0.058481311072184586,0.03908382210552074,-0.019397488966663844,False
33,758,0.7377194320806336,0.7694112930180513,0.031691860937417715,True
33,947,0.735652888275608,0.4073795921329981,-0.3282732961426099,False
33,1137,0.6127953621623694,0.5802439446505673,-0.03255141751180213,False
33,1326,0.10382475401685996,0.43915060455560206,0.3353258505387421,True
33,1516,0.2995912249573689,0.08754765526254152,-0.21204356969482738,False
33,1705,0.4848968757616629,0.04001573504535506,-0.44488114071630785,False
33,1895,0.4989038309837012,0.25113985668725913,-0.2477639742964421,False
33,2084,0.7889019437594205,1.1273359322376744,0.3384339884782539,True
33,2274,0.024466188662059893,0.07934619540831665,0.05488000674625676,True
33,2463,0.07016114562735615,0.08521889734867295,0.015057751721316806,True
33,2653,0.40385036009096265,0.73686989230581,0.33301953221484737,True
33,2842,0.48550906953943657,0.3914846280776712,-0.09402444146176536,False
33,3032,0.9391391772380174,1.084431396255249,0.14529221901723155,True
33,3221,0.895217816074722,1.8220580919401397,0.9268402758654177,True
33,3411,0.17145753422151996,0.2106916123979566,0.03923407817643665,True
33,3600,0.2978214894237202,0.48156984018318905,0.18374835075946883,True
33,3790,1.8535608175354068,1.648736854364357,-0.20482396317104978,False
33,3979,0.006723125275385441,0.3959384677611738,0.3892153424857884,True
33,4169,0.36430146161497445,0.5763366445817911,0.21203518296681667,True
33,4358,0.09078506970958398,0.41679533837481725,0.32601026866523325,True
33,4548,0.305117318106344,0.36144401298877055,0.05632669488242653,True
33,4737,1.1612927866233231,0.40842867047937825,-0.7528641161439449,False
33,4927,0.04073579376072572,0.8668450945040768,0.8261093007433511,True
33,5116,0.5026412880989567,0.21885652403959904,-0.28378476405935765,False
33,5306,0.7313884642310697,1.264814923438962,0.5334264592078923,True
33,5496,0.14922816373187983,0.3494050736330329,0.20017690990115308,True
44,0,0.5553534059986289,1.0535552737455443,0.49820186774691533,True
44,189,0.2708346112384164,0.18474354039863167,-0.08609107083978473,False
44,379,0.6985504064269794,0.3451210280048337,-0.3534293784221457,False
44,568,0.05247535958044645,0.21220335721852182,0.15972799763807538,True
44,758,0.5610616979090584,0.7822786292941496,0.22121693138509124,True
44,947,0.7912095989321279,0.8285532357377285,0.0373436368056006,True
44,1137,0.42429896797552363,0.5767404783343141,0.15244151035879044,True
44,1326,0.1599877287509188,0.42587763209361984,0.265889903342701,True
44,1516,0.06658082113435251,0.056510412553911336,-0.010070408580441177,False
44,1705,0.32782781727674826,0.32081231378635355,-0.007015503490394703,False
44,1895,0.014873610924839456,0.2586514444322079,0.24377783350736842,True
44,2084,0.18452684065485694,1.1348519983125465,0.9503251576576895,True
44,2274,0.16909330279901755,0.0459727990148925,-0.12312050378412505,False
44,2463,0.3471426252041209,0.13614578142068745,-0.21099684378343347,False
44,2653,0.6558470418131659,0.7511859014344395,0.09533885962127364,True
44,2842,0.4793913722614993,0.3081325749731444,-0.1712587972883549,False
44,3032,0.8865420118228353,1.065472241845357,0.17893023002252173,True
44,3221,0.600410797359748,1.8214753496668923,1.2210645523071442,True
44,3411,0.1441816213759871,0.18267332999854544,0.038491708622558324,True
44,3600,0.30770297879037034,0.5464551292837253,0.23875215049335496,True
44,3790,1.1452939311451578,1.6186876004974955,0.47339366935233773,True
44,3979,0.049917999804215546,0.44181872407020345,0.3919007242659879,True
44,4169,0.40226951797398636,0.5893642497138255,0.18709473173983915,True
44,4358,0.1440438618096145,0.36004108552289443,0.21599722371327992,True
44,4548,0.4005418778952385,0.39339777953406047,-0.0071440983611780196,False
44,4737,1.0365496390422786,0.42589528906514823,-0.6106543499771304,False
44,4927,0.31874754773512165,0.08597107477711022,-0.23277647295801143,False
44,5116,0.4593488967375651,0.23311957731780517,-0.22622931941975996,False
44,5306,0.10185814261019698,1.5226399219419016,1.4207817793317046,True
44,5496,0.05511094871021728,0.34451339605069675,0.2894024473404795,True
55,0,0.05744557303612845,0.9870260772431642,0.9295805042070358,True
55,189,0.22098318617383245,0.2214278844366252,0.00044469826279275315,True
55,379,0.8628512893668892,0.3472404040195627,-0.5156108853473265,False
55,568,0.1042001364627834,0.20197128846129003,0.09777115199850664,True
55,758,0.8876299042121073,0.7896194019036694,-0.09801050230843789,False
55,947,1.2877736979077614,0.7974492553765721,-0.49032444253118934,False
55,1137,0.5705855166883973,0.4816573428083926,-0.08892817388000468,False
55,1326,0.02070589001187637,0.448683486614611,0.4279775966027346,True
55,1516,0.16987972474229507,0.04874375847815856,-0.1211359662641365,False
55,1705,0.607619362914177,0.19560417243396308,-0.41201519048021384,False
55,1895,0.2713983092879331,0.2466026910924119,-0.02479561819552123,False
55,2084,0.5933316810050538,1.1140792102528676,0.5207475292478138,True
55,2274,0.346338080835319,0.15586124679122215,-0.19047683404409682,False
55,2463,0.1043978624706134,0.1471745002107021,0.042776637740088705,True
55,2653,0.3306878694433111,0.6090534810004131,0.27836561155710204,True
55,2842,0.44602127894945964,0.3709860478692972,-0.07503523108016247,False
55,3032,0.44349832538166317,1.2187195812263953,0.7752212558447322,True
55,3221,0.9485289848114621,1.7822466384517357,0.8337176536402736,True
55,3411,0.35027970859853474,0.17594689924645515,-0.1743328093520796,False
55,3600,0.3550202626116433,0.5422026634149467,0.1871824008033034,True
55,3790,1.0151525384367854,1.5062013131661638,0.49104877472937836,True
55,3979,0.2813765091036881,0.48372723541330753,0.20235072630961942,True
55,4169,0.4779895440438381,0.5738862826661462,0.09589673862230808,True
55,4358,0.1511217553724018,0.4285634012906746,0.2774416459182728,True
55,4548,0.435233193638135,0.2429643697124284,-0.1922688239257066,False
55,4737,0.9137932027923249,0.4382703837953233,-0.4755228189970016,False
55,4927,0.06407839613635134,0.048218270155033896,-0.015860125981317447,False
55,5116,0.37755604230019313,0.22581428496433834,-0.1517417573358548,False
55,5306,0.3715424013637422,1.5655549024419846,1.1940125010782423,True
55,5496,0.3036704670081698,0.37107498668729955,0.06740451967912975,True
